data,time,real_time,hour,price_date,str_price_date,all_return,c_return
"[{'symbol_id': 'FC0386', 'symbols': [{'id': '9929', 'reason': '', 'change_rate': -3, 'change_rate_new': -0.03, 'open': 11.7, 'close': 11.3, 'change_rate_today': -0.03418803418803407}]}]",2020-07-21 12:01:45.302,2020-07-21 20:01:45.302,20,2020-07-22,2020-07-22,-0.03418803418803407,-0.03418803418803407
"[{'symbol_id': 'FC0386', 'symbols': [{'id': '5225', 'reason': '', 'change_rate': 2.12, 'change_rate_new': 0.0212, 'open': 26.1, 'close': 26.5, 'change_rate_today': 0.015325670498084237}, {'id': '2543', 'reason': '', 'change_rate': -1.07, 'change_rate_new': -0.010700000000000001, 'open': 6.62, 'close': 6.5, 'change_rate_today': -0.018126888217522674}, {'id': '8420', 'reason': '', 'change_rate': 0, 'change_rate_new': 0.0, 'open': 21.5, 'close': 21.5, 'change_rate_today': 0.0}, {'id': '8423', 'reason': '', 'change_rate': 0, 'change_rate_new': 0.0, 'open': 17.6, 'close': 17.6, 'change_rate_today': 0.0}]}]",2020-07-22 12:01:55.655,2020-07-22 20:01:55.655,20,2020-07-23,2020-07-23,-0.0007003044298596094,-0.03486439658610352
"[{'symbol_id': 'FC0386', 'symbols': [{'id': '5225', 'reason': '', 'change_rate': -3.58, 'change_rate_new': -0.0358, 'open': 26.1, 'close': 25.55, 'change_rate_today': -0.021072796934865926}, {'id': '1470', 'reason': '', 'change_rate': 2.32, 'change_rate_new': 0.0232, 'open': 18.9, 'close': 19.85, 'change_rate_today': 0.05026455026455042}, {'id': '3115', 'reason': '', 'change_rate': -7.02, 'change_rate_new': -0.0702, 'open': 14.9, 'close': 13.9, 'change_rate_today': -0.06711409395973154}, {'id': '5263', 'reason': '', 'change_rate': -2.59, 'change_rate_new': -0.0259, 'open': 114, 'close': 111, 'change_rate_today': -0.02631578947368421}, {'id': '4558', 'reason': '', 'change_rate': 1.79, 'change_rate_new': 0.0179, 'open': 15.67, 'close': 15.95, 'change_rate_today': 0.017868538608806595}]}]",2020-07-23 12:01:48.850,2020-07-23 20:01:48.850,20,2020-07-24,2020-07-24,-0.009273918298984931,-0.04381498531960548
"[{'symbol_id': 'FC0386', 'symbols': [{'id': '1470', 'reason': '', 'change_rate': -3.53, 'change_rate_new': -0.0353, 'open': 18.9, 'close': 19.15, 'change_rate_today': 0.013227513227513229}]}]",2020-07-24 12:01:48.075,2020-07-24 20:01:48.075,20,2020-07-27,2020-07-27,0.013227513227513229,-0.031167035389970565
"[{'symbol_id': 'FC0386', 'symbols': [{'id': '8482', 'reason': '', 'change_rate': 0, 'change_rate_new': 0.0, 'open': 112.5, 'close': 110, 'change_rate_today': -0.022222222222222223}, {'id': '1506', 'reason': '', 'change_rate': -2.04, 'change_rate_new': -0.0204, 'open': 12.25, 'close': 12, 'change_rate_today': -0.02040816326530612}, {'id': '8906', 'reason': '', 'change_rate': -4.64, 'change_rate_new': -0.0464, 'open': 15.55, 'close': 15.4, 'change_rate_today': -0.00964630225080388}, {'id': '6417', 'reason': '', 'change_rate': 3.69, 'change_rate_new': 0.0369, 'open': 56.9, 'close': 59, 'change_rate_today': 0.03690685413005275}]}]",2020-07-27 12:01:48.238,2020-07-27 20:01:48.238,20,2020-07-28,2020-07-28,-0.0038424584020698687,-0.03488973575503862
"[{'symbol_id': 'FC0386', 'symbols': [{'id': '6574', 'reason': '', 'change_rate': -0.35, 'change_rate_new': -0.0034999999999999996, 'open': 57.8, 'close': 57.6, 'change_rate_today': -0.003460207612456674}, {'id': '4413', 'reason': '', 'change_rate': 1.09, 'change_rate_new': 0.0109, 'open': 13.9, 'close': 13.9, 'change_rate_today': 0.0}]}]",2020-07-28 12:01:51.386,2020-07-28 20:01:51.386,20,2020-07-29,2020-07-29,-0.001730103806228337,-0.03655947669663884
"[{'symbol_id': 'FC0386', 'symbols': [{'id': '8482', 'reason': '', 'change_rate': 0, 'change_rate_new': 0.0, 'open': 111.5, 'close': 111.5, 'change_rate_today': 0.0}, {'id': '5310', 'reason': '', 'change_rate': 10, 'change_rate_new': 0.1, 'open': 7.76, 'close': 8.36, 'change_rate_today': 0.07731958762886594}, {'id': '8047', 'reason': '', 'change_rate': 0.49, 'change_rate_new': 0.0049, 'open': 10.3, 'close': 10.3, 'change_rate_today': 0.0}, {'id': '8924', 'reason': '', 'change_rate': -0.8, 'change_rate_new': -0.008, 'open': 37.9, 'close': 37.1, 'change_rate_today': -0.021108179419524992}]}]",2020-07-29 12:01:49.798,2020-07-29 20:01:49.798,20,2020-07-30,2020-07-30,0.014052852052335238,-0.023020389561432153
"[{'symbol_id': 'FC0386', 'symbols': [{'id': '5310', 'reason': '', 'change_rate': 9.93, 'change_rate_new': 0.0993, 'open': 7.76, 'close': 9.19, 'change_rate_today': 0.18427835051546387}, {'id': '1258', 'reason': '', 'change_rate': 0, 'change_rate_new': 0.0, 'open': 13.2, 'close': 12.85, 'change_rate_today': -0.026515151515151488}]}]",2020-07-30 12:01:51.558,2020-07-30 20:01:51.558,20,2020-07-31,2020-07-31,0.07888159950015619,0.05404532478900159
"[{'symbol_id': 'FC0386', 'symbols': [{'id': '5310', 'reason': '', 'change_rate': 9.9, 'change_rate_new': 0.099, 'open': 7.76, 'close': 10.1, 'change_rate_today': 0.3015463917525773}]}]",2020-07-31 12:01:50.480,2020-07-31 20:01:50.480,20,2020-08-03,2020-08-03,0.3015463917525773,0.3718888892227985
"[{'symbol_id': 'FC0386', 'symbols': [{'id': '6545', 'reason': '', 'change_rate': 1.64, 'change_rate_new': 0.016399999999999998, 'open': 7.94, 'close': 7.95, 'change_rate_today': 0.0012594458438286884}]}]",2020-08-03 12:01:45.928,2020-08-03 20:01:45.928,20,2020-08-04,2020-08-04,0.0012594458438286884,0.37361670898252486
"[{'symbol_id': 'FC0386', 'symbols': [{'id': '2466', 'reason': '', 'change_rate': 0.52, 'change_rate_new': 0.0052, 'open': 28.6, 'close': 28.8, 'change_rate_today': 0.006993006993006968}, {'id': '5301', 'reason': '', 'change_rate': 8.42, 'change_rate_new': 0.0842, 'open': 10.8, 'close': 10.95, 'change_rate_today': 0.013888888888888756}, {'id': '5878', 'reason': '', 'change_rate': 0, 'change_rate_new': 0.0, 'open': 46.3, 'close': 46.3, 'change_rate_today': 0.0}, {'id': '8107', 'reason': '', 'change_rate': -0.62, 'change_rate_new': -0.0062, 'open': 16.15, 'close': 15.95, 'change_rate_today': -0.012383900928792527}, {'id': '6473', 'reason': '', 'change_rate': -10.24, 'change_rate_new': -0.1024, 'open': 16.8, 'close': 14.95, 'change_rate_today': -0.1101190476190477}]}]",2020-08-04 12:01:47.532,2020-08-04 20:01:47.532,20,2020-08-05,2020-08-05,-0.020324210533188898,0.34569903379725786
"[{'symbol_id': 'FC0386', 'symbols': [{'id': '2466', 'reason': '', 'change_rate': 0.17, 'change_rate_new': 0.0017000000000000001, 'open': 28.6, 'close': 28.85, 'change_rate_today': 0.00874125874125874}, {'id': '4406', 'reason': '', 'change_rate': -1, 'change_rate_new': -0.01, 'open': 8.85, 'close': 8.91, 'change_rate_today': 0.006779661016949209}, {'id': '5301', 'reason': '', 'change_rate': -0.91, 'change_rate_new': -0.0091, 'open': 10.8, 'close': 10.85, 'change_rate_today': 0.0046296296296295305}, {'id': '6527', 'reason': '', 'change_rate': -0.2, 'change_rate_new': -0.002, 'open': 49.9, 'close': 49.55, 'change_rate_today': -0.007014028056112253}]}]",2020-08-05 12:01:46.378,2020-08-05 20:01:46.378,20,2020-08-06,2020-08-06,0.003284130332931307,0.350118484813148
"[{'symbol_id': 'FC0386', 'symbols': [{'id': '9929', 'reason': '', 'change_rate': 2.77, 'change_rate_new': 0.0277, 'open': 12.65, 'close': 13, 'change_rate_today': 0.027667984189723292}, {'id': '1474', 'reason': '', 'change_rate': -2.64, 'change_rate_new': -0.0264, 'open': 15.15, 'close': 14.75, 'change_rate_today': -0.026402640264026424}, {'id': '2466', 'reason': '', 'change_rate': -1.04, 'change_rate_new': -0.0104, 'open': 28.6, 'close': 28.55, 'change_rate_today': -0.001748251748251773}, {'id': '2548', 'reason': '', 'change_rate': -0.58, 'change_rate_new': -0.0058, 'open': 86.5, 'close': 86, 'change_rate_today': -0.005780346820809248}, {'id': '8068', 'reason': '', 'change_rate': 2.47, 'change_rate_new': 0.024700000000000003, 'open': 25.9, 'close': 27, 'change_rate_today': 0.042471042471042525}]}]",2020-08-06 12:01:51.613,2020-08-06 20:01:51.613,20,2020-08-07,2020-08-07,0.007241557565535675,0.359895445541216
"[{'symbol_id': 'FC0386', 'symbols': [{'id': '3701', 'reason': '', 'change_rate': -1.5, 'change_rate_new': -0.015, 'open': 13.2, 'close': 13.1, 'change_rate_today': -0.007575757575757549}, {'id': '8112', 'reason': '', 'change_rate': 0.49, 'change_rate_new': 0.0049, 'open': 30.65, 'close': 30.55, 'change_rate_today': -0.003262642740619833}, {'id': '1307', 'reason': '', 'change_rate': -1.34, 'change_rate_new': -0.0134, 'open': 22.55, 'close': 22.1, 'change_rate_today': -0.019955654101995533}, {'id': '1732', 'reason': '', 'change_rate': -1.62, 'change_rate_new': -0.016200000000000003, 'open': 27.95, 'close': 27.25, 'change_rate_today': -0.0250447227191413}, {'id': '6266', 'reason': '', 'change_rate': 1.3, 'change_rate_new': 0.013000000000000001, 'open': 19.5, 'close': 19.55, 'change_rate_today': 0.0025641025641026005}, {'id': '8068', 'reason': '', 'change_rate': 4.81, 'change_rate_new': 0.0481, 'open': 25.9, 'close': 28.3, 'change_rate_today': 0.09266409266409276}, {'id': '4562', 'reason': '', 'change_rate': 0.56, 'change_rate_new': 0.005600000000000001, 'open': 17.95, 'close': 17.8, 'change_rate_today': -0.008356545961002706}]}]",2020-08-07 12:01:49.169,2020-08-07 20:01:49.169,20,2020-08-10,2020-08-10,0.00443326744709692,0.36592422575138905
"[{'symbol_id': 'FC0386', 'symbols': [{'id': '8045', 'reason': '', 'change_rate': -4.31, 'change_rate_new': -0.0431, 'open': 10.68, 'close': 10.3, 'change_rate_today': -0.035580524344569195}, {'id': '6564', 'reason': '', 'change_rate': 1.85, 'change_rate_new': 0.018500000000000003, 'open': 72.07, 'close': 70.1, 'change_rate_today': -0.027334535867906188}, {'id': '4722', 'reason': '', 'change_rate': 0.19, 'change_rate_new': 0.0019, 'open': 26.2, 'close': 26.25, 'change_rate_today': 0.0019083969465649127}, {'id': '8112', 'reason': '', 'change_rate': -0.98, 'change_rate_new': -0.0098, 'open': 30.65, 'close': 30.25, 'change_rate_today': -0.013050570962479562}, {'id': '2312', 'reason': '', 'change_rate': -1.47, 'change_rate_new': -0.0147, 'open': 10.2, 'close': 10.05, 'change_rate_today': -0.014705882352941037}, {'id': '2349', 'reason': '', 'change_rate': -3.1, 'change_rate_new': -0.031, 'open': 6.27, 'close': 5.94, 'change_rate_today': -0.05263157894736829}, {'id': '2406', 'reason': '', 'change_rate': -2.54, 'change_rate_new': -0.0254, 'open': 9.91, 'close': 9.6, 'change_rate_today': -0.03128153380423819}, {'id': '2548', 'reason': '', 'change_rate': 1.16, 'change_rate_new': 0.0116, 'open': 86.6, 'close': 87.2, 'change_rate_today': 0.006928406466512801}, {'id': '3005', 'reason': '', 'change_rate': -0.93, 'change_rate_new': -0.009300000000000001, 'open': 43.3, 'close': 42.65, 'change_rate_today': -0.015011547344110823}, {'id': '3049', 'reason': '', 'change_rate': 0.1, 'change_rate_new': 0.001, 'open': 9.92, 'close': 9.88, 'change_rate_today': -0.004032258064516043}, {'id': '3512', 'reason': '', 'change_rate': 0.7, 'change_rate_new': 0.006999999999999999, 'open': 28.1, 'close': 28.9, 'change_rate_today': 0.028469750889679613}, {'id': '8068', 'reason': '', 'change_rate': 0, 'change_rate_new': 0.0, 'open': 25.9, 'close': 28.3, 'change_rate_today': 0.09266409266409276}, {'id': '4553', 'reason': '', 'change_rate': 0, 'change_rate_new': 0.0, 'open': 18.25, 'close': 18.25, 'change_rate_today': 0.0}, {'id': '6637', 'reason': '', 'change_rate': -4.37, 'change_rate_new': -0.0437, 'open': 64.71, 'close': 62, 'change_rate_today': -0.041879153144799786}]}]",2020-08-10 12:01:47.074,2020-08-10 20:01:47.074,20,2020-08-11,2020-08-11,-0.007538352704719933,0.3556274071697536
"[{'symbol_id': 'FC0386', 'symbols': [{'id': '2020', 'reason': '', 'change_rate': 0, 'change_rate_new': 0.0, 'open': 16.1, 'close': 15.9, 'change_rate_today': -0.01242236024844727}, {'id': '2548', 'reason': '', 'change_rate': -0.23, 'change_rate_new': -0.0023, 'open': 86.6, 'close': 87, 'change_rate_today': 0.004618937644341867}, {'id': '1580', 'reason': '', 'change_rate': -1.1, 'change_rate_new': -0.011000000000000001, 'open': 82, 'close': 81.1, 'change_rate_today': -0.01097560975609763}, {'id': '2063', 'reason': '', 'change_rate': -2.6, 'change_rate_new': -0.026000000000000002, 'open': 32.2, 'close': 31.8, 'change_rate_today': -0.01242236024844727}, {'id': '8489', 'reason': '', 'change_rate': -4.88, 'change_rate_new': -0.048799999999999996, 'open': 59.4, 'close': 56.5, 'change_rate_today': -0.0488215488215488}]}]",2020-08-11 12:01:46.585,2020-08-11 20:01:46.585,20,2020-08-12,2020-08-12,-0.01600458828603982,0.33393114864872997
"[{'symbol_id': 'FC0386', 'symbols': [{'id': '8442', 'reason': '', 'change_rate': 1.19, 'change_rate_new': 0.011899999999999999, 'open': 41.5, 'close': 42.4, 'change_rate_today': 0.021686746987951772}, {'id': '1312A', 'reason': '', 'change_rate': 0, 'change_rate_new': 0.0, 'open': 30.1, 'close': 30.1, 'change_rate_today': 0.0}, {'id': '3005', 'reason': '', 'change_rate': 0.35, 'change_rate_new': 0.0034999999999999996, 'open': 43.4, 'close': 43.3, 'change_rate_today': -0.002304147465437821}, {'id': '4304', 'reason': '', 'change_rate': -9.83, 'change_rate_new': -0.0983, 'open': 5.28, 'close': 4.77, 'change_rate_today': -0.09659090909090921}, {'id': '4953', 'reason': '', 'change_rate': 3.22, 'change_rate_new': 0.0322, 'open': 84.9, 'close': 86.6, 'change_rate_today': 0.02002355712603049}, {'id': '6144', 'reason': '', 'change_rate': -1.21, 'change_rate_new': -0.0121, 'open': 5.53, 'close': 5.72, 'change_rate_today': 0.034358047016274776}]}]",2020-08-12 12:01:48.399,2020-08-12 20:01:48.399,20,2020-08-13,2020-08-13,-0.0038044509043483332,0.32885627308391485
"[{'symbol_id': 'FC0386', 'symbols': [{'id': '8442', 'reason': '', 'change_rate': 9.32, 'change_rate_new': 0.0932, 'open': 41.5, 'close': 46.35, 'change_rate_today': 0.11686746987951811}, {'id': '1507', 'reason': '', 'change_rate': -0.35, 'change_rate_new': -0.0034999999999999996, 'open': 56, 'close': 56.2, 'change_rate_today': 0.003571428571428622}, {'id': '2890', 'reason': '', 'change_rate': 0, 'change_rate_new': 0.0, 'open': 10.95, 'close': 11, 'change_rate_today': 0.004566210045662165}, {'id': '3005', 'reason': '', 'change_rate': 1.62, 'change_rate_new': 0.016200000000000003, 'open': 43.4, 'close': 44, 'change_rate_today': 0.013824884792626762}, {'id': '3057', 'reason': '', 'change_rate': 9.91, 'change_rate_new': 0.09910000000000001, 'open': 5.88, 'close': 5.88, 'change_rate_today': 0.0}, {'id': '3512', 'reason': '', 'change_rate': 0.17, 'change_rate_new': 0.0017000000000000001, 'open': 30, 'close': 29.75, 'change_rate_today': -0.008333333333333333}, {'id': '9950', 'reason': '', 'change_rate': 0, 'change_rate_new': 0.0, 'open': 9.1, 'close': 9.38, 'change_rate_today': 0.030769230769230896}]}]",2020-08-13 12:01:45.541,2020-08-13 20:01:45.541,20,2020-08-14,2020-08-14,0.023037984389304742,0.3594704431588518
"[{'symbol_id': 'FC0386', 'symbols': [{'id': '8442', 'reason': '', 'change_rate': -0.43, 'change_rate_new': -0.0043, 'open': 41.5, 'close': 46.15, 'change_rate_today': 0.1120481927710843}, {'id': '2020', 'reason': '', 'change_rate': 0.63, 'change_rate_new': 0.0063, 'open': 15.95, 'close': 16.05, 'change_rate_today': 0.006269592476489117}, {'id': '4139', 'reason': '', 'change_rate': 3.13, 'change_rate_new': 0.0313, 'open': 51.4, 'close': 52.7, 'change_rate_today': 0.025291828793774403}, {'id': '5438', 'reason': '', 'change_rate': 0.85, 'change_rate_new': 0.0085, 'open': 11.9, 'close': 11.9, 'change_rate_today': 0.0}, {'id': '5514', 'reason': '', 'change_rate': 0.8, 'change_rate_new': 0.008, 'open': 18.95, 'close': 19, 'change_rate_today': 0.002638522427440671}, {'id': '1593', 'reason': '', 'change_rate': -0.51, 'change_rate_new': -0.0051, 'open': 59.5, 'close': 58.2, 'change_rate_today': -0.021848739495798273}, {'id': '8492', 'reason': '', 'change_rate': -1.08, 'change_rate_new': -0.0108, 'open': 13.95, 'close': 13.8, 'change_rate_today': -0.01075268817204291}, {'id': '6682', 'reason': '', 'change_rate': -0.76, 'change_rate_new': -0.0076, 'open': 6.56, 'close': 6.42, 'change_rate_today': -0.0213414634146341}]}]",2020-08-14 12:01:47.159,2020-08-14 20:01:47.159,20,2020-08-17,2020-08-17,0.011538155673289151,0.375156224765254
"[{'symbol_id': 'FC0386', 'symbols': [{'id': '1217', 'reason': '', 'change_rate': -0.92, 'change_rate_new': -0.0092, 'open': 7.61, 'close': 7.51, 'change_rate_today': -0.013140604467805588}, {'id': '1464', 'reason': '', 'change_rate': -1.56, 'change_rate_new': -0.015600000000000001, 'open': 19.65, 'close': 18.95, 'change_rate_today': -0.03562340966921116}, {'id': '1507', 'reason': '', 'change_rate': 1.06, 'change_rate_new': 0.0106, 'open': 56.7, 'close': 57.2, 'change_rate_today': 0.008818342151675485}, {'id': '1603', 'reason': '', 'change_rate': 0.85, 'change_rate_new': 0.0085, 'open': 29.5, 'close': 29.75, 'change_rate_today': 0.00847457627118644}, {'id': '2236', 'reason': '', 'change_rate': -0.59, 'change_rate_new': -0.0059, 'open': 17, 'close': 16.9, 'change_rate_today': -0.005882352941176554}, {'id': '2634', 'reason': '', 'change_rate': -1.06, 'change_rate_new': -0.0106, 'open': 28.55, 'close': 28.1, 'change_rate_today': -0.015761821366024494}, {'id': '2816', 'reason': '', 'change_rate': -0.81, 'change_rate_new': -0.008100000000000001, 'open': 18.55, 'close': 18.45, 'change_rate_today': -0.005390835579514901}, {'id': '3310', 'reason': '', 'change_rate': 0.9, 'change_rate_new': 0.009000000000000001, 'open': 27.9, 'close': 27.9, 'change_rate_today': 0.0}, {'id': '3511', 'reason': '', 'change_rate': -0.4, 'change_rate_new': -0.004, 'open': 24.95, 'close': 24.8, 'change_rate_today': -0.006012024048096136}, {'id': '4139', 'reason': '', 'change_rate': 3.8, 'change_rate_new': 0.038, 'open': 51.4, 'close': 54.7, 'change_rate_today': 0.06420233463035029}, {'id': '4163', 'reason': '', 'change_rate': 0.41, 'change_rate_new': 0.0040999999999999995, 'open': 121, 'close': 122.5, 'change_rate_today': 0.012396694214876033}, {'id': '4707', 'reason': '', 'change_rate': 0, 'change_rate_new': 0.0, 'open': 11.35, 'close': 11.3, 'change_rate_today': -0.004405286343612241}, {'id': '4711', 'reason': '', 'change_rate': 1.48, 'change_rate_new': 0.0148, 'open': 13.5, 'close': 13.7, 'change_rate_today': 0.014814814814814762}, {'id': '5009', 'reason': '', 'change_rate': 0, 'change_rate_new': 0.0, 'open': 15.85, 'close': 15.8, 'change_rate_today': -0.0031545741324920462}, {'id': '5438', 'reason': '', 'change_rate': -0.84, 'change_rate_new': -0.0084, 'open': 11.9, 'close': 11.8, 'change_rate_today': -0.008403361344537785}, {'id': '5514', 'reason': '', 'change_rate': 0, 'change_rate_new': 0.0, 'open': 18.95, 'close': 19, 'change_rate_today': 0.002638522427440671}, {'id': '8424', 'reason': '', 'change_rate': 0, 'change_rate_new': 0.0, 'open': 50.1, 'close': 50.1, 'change_rate_today': 0.0}, {'id': '8929', 'reason': '', 'change_rate': -0.38, 'change_rate_new': -0.0038, 'open': 26.5, 'close': 25.9, 'change_rate_today': -0.022641509433962318}, {'id': '3659', 'reason': '', 'change_rate': 0.7, 'change_rate_new': 0.006999999999999999, 'open': 12.86, 'close': 13.05, 'change_rate_today': 0.014774494556765263}, {'id': '6538', 'reason': '', 'change_rate': 0.88, 'change_rate_new': 0.0088, 'open': 231, 'close': 230, 'change_rate_today': -0.004329004329004329}]}]",2020-08-17 12:01:47.013,2020-08-17 20:01:47.013,20,2020-08-18,2020-08-18,6.874977058356911e-05,0.37525076644022315
"[{'symbol_id': 'FC0386', 'symbols': [{'id': '6497', 'reason': '', 'change_rate': 1.2, 'change_rate_new': 0.012, 'open': 5.8, 'close': 5.9, 'change_rate_today': 0.01724137931034492}, {'id': '1436', 'reason': '', 'change_rate': -0.27, 'change_rate_new': -0.0027, 'open': 37.55, 'close': 37.25, 'change_rate_today': -0.007989347536617768}, {'id': '1507', 'reason': '', 'change_rate': 0, 'change_rate_new': 0.0, 'open': 56.7, 'close': 57.2, 'change_rate_today': 0.008818342151675485}, {'id': '1531', 'reason': '', 'change_rate': 0, 'change_rate_new': 0.0, 'open': 11.25, 'close': 11.05, 'change_rate_today': -0.017777777777777715}, {'id': '1702', 'reason': '', 'change_rate': -0.81, 'change_rate_new': -0.008100000000000001, 'open': 43.45, 'close': 42.9, 'change_rate_today': -0.012658227848101363}, {'id': '2231', 'reason': '', 'change_rate': 0.72, 'change_rate_new': 0.0072, 'open': 138.5, 'close': 139.5, 'change_rate_today': 0.007220216606498195}, {'id': '2412', 'reason': '', 'change_rate': 0, 'change_rate_new': 0.0, 'open': 109.5, 'close': 109, 'change_rate_today': -0.0045662100456621}, {'id': '2466', 'reason': '', 'change_rate': 0, 'change_rate_new': 0.0, 'open': 28.8, 'close': 28.95, 'change_rate_today': 0.005208333333333284}, {'id': '3310', 'reason': '', 'change_rate': 0.36, 'change_rate_new': 0.0036, 'open': 27.9, 'close': 28, 'change_rate_today': 0.0035842293906810548}, {'id': '3522', 'reason': '', 'change_rate': -1.28, 'change_rate_new': -0.0128, 'open': 12.4, 'close': 11.6, 'change_rate_today': -0.06451612903225812}, {'id': '4402', 'reason': '', 'change_rate': 1.82, 'change_rate_new': 0.0182, 'open': 5.75, 'close': 5.6, 'change_rate_today': -0.02608695652173919}, {'id': '4747', 'reason': '', 'change_rate': -1.01, 'change_rate_new': -0.0101, 'open': 39.6, 'close': 39.2, 'change_rate_today': -0.010101010101010065}, {'id': '8047', 'reason': '', 'change_rate': -0.5, 'change_rate_new': -0.005, 'open': 9.98, 'close': 9.95, 'change_rate_today': -0.00300601202404821}, {'id': '8071', 'reason': '', 'change_rate': 1.2, 'change_rate_new': 0.012, 'open': 12.5, 'close': 12.6, 'change_rate_today': 0.007999999999999972}, {'id': '8080', 'reason': '', 'change_rate': -0.31, 'change_rate_new': -0.0031, 'open': 3.17, 'close': 3.18, 'change_rate_today': 0.0031545741324921863}, {'id': '9950', 'reason': '', 'change_rate': 0.54, 'change_rate_new': 0.0054, 'open': 9.3, 'close': 9.3, 'change_rate_today': 0.0}, {'id': '8930', 'reason': '', 'change_rate': 0.45, 'change_rate_new': 0.0045000000000000005, 'open': 11.2, 'close': 11.2, 'change_rate_today': 0.0}, {'id': '3543', 'reason': '', 'change_rate': -1.42, 'change_rate_new': -0.014199999999999999, 'open': 17.75, 'close': 17.4, 'change_rate_today': -0.01971830985915501}, {'id': '4546', 'reason': '', 'change_rate': 9.41, 'change_rate_new': 0.0941, 'open': 64.61, 'close': 67.6, 'change_rate_today': 0.04627766599597578}, {'id': '6538', 'reason': '', 'change_rate': 3.7, 'change_rate_new': 0.037000000000000005, 'open': 231, 'close': 238.5, 'change_rate_today': 0.032467532467532464}, {'id': '4190', 'reason': '', 'change_rate': -1.33, 'change_rate_new': -0.013300000000000001, 'open': 75.1, 'close': 74.3, 'change_rate_today': -0.010652463382157086}, {'id': '6640', 'reason': '', 'change_rate': -0.46, 'change_rate_new': -0.0046, 'open': 43.8, 'close': 43.5, 'change_rate_today': -0.006849315068493086}]}]",2020-08-18 12:01:48.128,2020-08-18 20:01:48.128,20,2020-08-19,2020-08-19,-0.002361340264022107,0.3720033314323006
"[{'symbol_id': 'FC0386', 'symbols': [{'id': '6497', 'reason': '', 'change_rate': -10, 'change_rate_new': -0.1, 'open': 5.8, 'close': 5.31, 'change_rate_today': -0.0844827586206897}, {'id': '3229', 'reason': '', 'change_rate': -4.37, 'change_rate_new': -0.0437, 'open': 10.1, 'close': 9.85, 'change_rate_today': -0.024752475247524754}, {'id': '1708', 'reason': '', 'change_rate': -1.52, 'change_rate_new': -0.0152, 'open': 23, 'close': 22.65, 'change_rate_today': -0.015217391304347887}, {'id': '2634', 'reason': '', 'change_rate': -3.81, 'change_rate_new': -0.0381, 'open': 28.85, 'close': 27.75, 'change_rate_today': -0.03812824956672448}, {'id': '3310', 'reason': '', 'change_rate': 0, 'change_rate_new': 0.0, 'open': 27.9, 'close': 28, 'change_rate_today': 0.0035842293906810548}, {'id': '4157', 'reason': '', 'change_rate': -6.45, 'change_rate_new': -0.0645, 'open': 25.75, 'close': 23.95, 'change_rate_today': -0.06990291262135925}, {'id': '4542', 'reason': '', 'change_rate': -3.75, 'change_rate_new': -0.0375, 'open': 20.55, 'close': 20.55, 'change_rate_today': 0.0}, {'id': '5514', 'reason': '', 'change_rate': -3.09, 'change_rate_new': -0.030899999999999997, 'open': 18.9, 'close': 18.8, 'change_rate_today': -0.005291005291005179}, {'id': '8032', 'reason': '', 'change_rate': -1.87, 'change_rate_new': -0.0187, 'open': 21.55, 'close': 21, 'change_rate_today': -0.0255220417633411}, {'id': '8071', 'reason': '', 'change_rate': -3.57, 'change_rate_new': -0.035699999999999996, 'open': 12.5, 'close': 12.15, 'change_rate_today': -0.027999999999999973}, {'id': '8349', 'reason': '', 'change_rate': -2.39, 'change_rate_new': -0.0239, 'open': 46.2, 'close': 44.9, 'change_rate_today': -0.02813852813852823}, {'id': '2732', 'reason': '', 'change_rate': -5.1, 'change_rate_new': -0.051, 'open': 128.5, 'close': 121, 'change_rate_today': -0.058365758754863814}, {'id': '8930', 'reason': '', 'change_rate': -2.23, 'change_rate_new': -0.0223, 'open': 11.2, 'close': 10.95, 'change_rate_today': -0.022321428571428572}, {'id': '4732', 'reason': '', 'change_rate': -1.92, 'change_rate_new': -0.0192, 'open': 32.82, 'close': 31.3, 'change_rate_today': -0.046313223644119425}, {'id': '6516', 'reason': '', 'change_rate': -3.12, 'change_rate_new': -0.031200000000000002, 'open': 92.9, 'close': 90, 'change_rate_today': -0.031216361679225032}, {'id': '6538', 'reason': '', 'change_rate': 1.05, 'change_rate_new': 0.0105, 'open': 231, 'close': 241, 'change_rate_today': 0.04329004329004329}, {'id': '6641', 'reason': '', 'change_rate': -3.08, 'change_rate_new': -0.0308, 'open': 61.7, 'close': 59.7, 'change_rate_today': -0.03241491085899514}, {'id': '4572', 'reason': '', 'change_rate': -3.98, 'change_rate_new': -0.0398, 'open': 80, 'close': 77.2, 'change_rate_today': -0.03499999999999996}]}]",2020-08-19 12:01:46.506,2020-08-19 20:01:46.506,20,2020-08-20,2020-08-20,-0.027677376298968232,0.3340298789448106
"[{'symbol_id': 'FC0386', 'symbols': [{'id': '4716', 'reason': '', 'change_rate': 9.78, 'change_rate_new': 0.0978, 'open': 14.05, 'close': 15.15, 'change_rate_today': 0.07829181494661919}, {'id': '8080', 'reason': '', 'change_rate': -3.6, 'change_rate_new': -0.036000000000000004, 'open': 3.33, 'close': 3.21, 'change_rate_today': -0.03603603603603607}, {'id': '6535', 'reason': '', 'change_rate': -3.82, 'change_rate_new': -0.0382, 'open': 43, 'close': 42.8, 'change_rate_today': -0.00465116279069774}, {'id': '6538', 'reason': '', 'change_rate': 8.71, 'change_rate_new': 0.08710000000000001, 'open': 231, 'close': 262, 'change_rate_today': 0.1341991341991342}]}]",2020-08-20 12:01:47.986,2020-08-20 20:01:47.986,20,2020-08-21,2020-08-21,0.04295093757975489,0.3913277130048973
