data,time,real_time,timesplit,hour,weekday,price_date,all_return,c_return
"[{'query': '統一FANG+', 'score': 9.5, 'category': 'stock', 'num': '00757', 'change_rate': -4.74, 'change_rate_new': -0.047400000000000005, 'open': 19.28, 'close': 19.09, 'change_rate_today': -0.00985477178423243}, {'query': '神盾', 'score': 8.25, 'category': 'stock', 'num': '6462', 'change_rate': 0.37, 'change_rate_new': 0.0037, 'open': 131, 'close': 134, 'change_rate_today': 0.022900763358778626}, {'query': '毛寶', 'score': 8.25, 'category': 'stock', 'num': '1732', 'change_rate': 9.26, 'change_rate_new': 0.0926, 'open': 29, 'close': 30.1, 'change_rate_today': 0.03793103448275867}, {'query': '超眾', 'score': 6.75, 'category': 'stock', 'num': '6230', 'change_rate': 2.58, 'change_rate_new': 0.0258, 'open': 209, 'close': 219, 'change_rate_today': 0.04784688995215311}]",2020-03-23T00:01:47.900Z,2020-03-23 08:01:47.900,2020-03-23,8,0,2020-03-23,0.024705979002364493,0.024705979002364493
"[{'query': '統一FANG+', 'score': 10, 'category': 'stock', 'num': '00757', 'change_rate': 9.06, 'change_rate_new': 0.0906, 'open': 20.58, 'close': 20.82, 'change_rate_today': 0.011661807580175024}, {'query': '毛寶', 'score': 8.5, 'category': 'stock', 'num': '1732', 'change_rate': -1, 'change_rate_new': -0.01, 'open': 30.7, 'close': 29.8, 'change_rate_today': -0.02931596091205207}, {'query': '神盾', 'score': 8, 'category': 'stock', 'num': '6462', 'change_rate': 6.34, 'change_rate_new': 0.0634, 'open': 142, 'close': 142.5, 'change_rate_today': 0.0035211267605633804}, {'query': '超眾', 'score': 7.5, 'category': 'stock', 'num': '6230', 'change_rate': 2.74, 'change_rate_new': 0.0274, 'open': 224, 'close': 225, 'change_rate_today': 0.004464285714285714}]",2020-03-24T00:01:57.377Z,2020-03-24 08:01:57.377,2020-03-24,8,1,2020-03-24,-0.0024171852142569877,0.022229074860959264
"[{'query': '統一FANG+', 'score': 9.75, 'category': 'stock', 'num': '00757', 'change_rate': 3.36, 'change_rate_new': 0.0336, 'open': 22.95, 'close': 21.52, 'change_rate_today': -0.06230936819172112}, {'query': '昇達科', 'score': 8.25, 'category': 'stock', 'num': '3491', 'change_rate': 4.1, 'change_rate_new': 0.040999999999999995, 'open': 65.5, 'close': 66, 'change_rate_today': 0.007633587786259542}, {'query': '毛寶', 'score': 7.75, 'category': 'stock', 'num': '1732', 'change_rate': -1.34, 'change_rate_new': -0.0134, 'open': 30.3, 'close': 29.4, 'change_rate_today': -0.02970297029702977}, {'query': '街口S&P布蘭特正2', 'score': 7, 'category': 'stock', 'num': '00715L', 'change_rate': 1.91, 'change_rate_new': 0.0191, 'open': 4.18, 'close': 4.26, 'change_rate_today': 0.01913875598086126}]",2020-03-25T00:01:58.052Z,2020-03-25 08:01:58.052,2020-03-25,8,2,2020-03-25,-0.01630999868040752,0.005556519998902942
"[{'query': '街口S&P布蘭特正2', 'score': 9.75, 'category': 'stock', 'num': '00715L', 'change_rate': -7.98, 'change_rate_new': -0.07980000000000001, 'open': 4.22, 'close': 3.92, 'change_rate_today': -0.07109004739336489}, {'query': '統一FANG+', 'score': 9.25, 'category': 'stock', 'num': '00757', 'change_rate': -0.23, 'change_rate_new': -0.0023, 'open': 21.6, 'close': 21.47, 'change_rate_today': -0.0060185185185186365}, {'query': '復盛應用', 'score': 7.5, 'category': 'stock', 'num': '6670', 'change_rate': 1.29, 'change_rate_new': 0.0129, 'open': 156, 'close': 157, 'change_rate_today': 0.00641025641025641}, {'query': '元大台灣50正2', 'score': 5.75, 'category': 'stock', 'num': '00631L', 'change_rate': 2.66, 'change_rate_new': 0.026600000000000002, 'open': 34.1, 'close': 34.3, 'change_rate_today': 0.005865102639296063}]",2020-03-26T00:01:50.245Z,2020-03-26 08:01:50.245,2020-03-26,8,3,2020-03-26,-0.01620830171558276,-0.01074184346931073
"[{'query': '街口S&P布蘭特正2', 'score': 10, 'category': 'stock', 'num': '00715L', 'change_rate': -3.57, 'change_rate_new': -0.035699999999999996, 'open': 3.6, 'close': 3.78, 'change_rate_today': 0.04999999999999992}, {'query': '統一FANG+', 'score': 8.75, 'category': 'stock', 'num': '00757', 'change_rate': 1.02, 'change_rate_new': 0.0102, 'open': 22.29, 'close': 21.69, 'change_rate_today': -0.026917900403768413}, {'query': '元大台灣50正2', 'score': 7.5, 'category': 'stock', 'num': '00631L', 'change_rate': -0.9, 'change_rate_new': -0.009000000000000001, 'open': 35.85, 'close': 33.99, 'change_rate_today': -0.0518828451882845}, {'query': '復盛應用', 'score': 6.25, 'category': 'stock', 'num': '6670', 'change_rate': 0, 'change_rate_new': 0.0, 'open': 159, 'close': 157, 'change_rate_today': -0.012578616352201259}]",2020-03-27T00:01:46.601Z,2020-03-27 08:01:46.601,2020-03-27,8,4,2020-03-27,-0.010344840486063564,-0.02097556129815803
"[{'query': '健亞', 'score': 9.75, 'category': 'stock', 'num': '4130', 'change_rate': 6.07, 'change_rate_new': 0.060700000000000004, 'open': 29, 'close': 30.6, 'change_rate_today': 0.055172413793103496}, {'query': '元大台灣50正2', 'score': 8, 'category': 'stock', 'num': '00631L', 'change_rate': -0.85, 'change_rate_new': -0.0085, 'open': 32.49, 'close': 33.7, 'change_rate_today': 0.037242228377962476}, {'query': '旭富', 'score': 7.5, 'category': 'stock', 'num': '4119', 'change_rate': 3.03, 'change_rate_new': 0.030299999999999997, 'open': 134, 'close': 136, 'change_rate_today': 0.014925373134328358}, {'query': '和碩', 'score': 7, 'category': 'stock', 'num': '4938', 'change_rate': -1.33, 'change_rate_new': -0.013300000000000001, 'open': 58.5, 'close': 59.3, 'change_rate_today': 0.013675213675213627}]",2020-03-30T00:03:45.476Z,2020-03-30 08:03:45.476,2020-03-30,8,0,2020-03-30,0.03025380724515199,0.008643655358620439
"[{'query': '宏碁', 'score': 9.25, 'category': 'stock', 'num': '2353', 'change_rate': -3.7, 'change_rate_new': -0.037000000000000005, 'open': 16.2, 'close': 15.6, 'change_rate_today': -0.037037037037037014}, {'query': '健亞', 'score': 7.5, 'category': 'stock', 'num': '4130', 'change_rate': -6.54, 'change_rate_new': -0.0654, 'open': 29.5, 'close': 28.6, 'change_rate_today': -0.03050847457627114}, {'query': '緯創', 'score': 7.25, 'category': 'stock', 'num': '3231', 'change_rate': 2.73, 'change_rate_new': 0.0273, 'open': 24.05, 'close': 24.5, 'change_rate_today': 0.01871101871101868}, {'query': '元大台灣50正2', 'score': 6.5, 'category': 'stock', 'num': '00631L', 'change_rate': 0.71, 'change_rate_new': 0.0070999999999999995, 'open': 34.6, 'close': 33.94, 'change_rate_today': -0.019075144508670625}]",2020-03-31T00:02:05.797Z,2020-03-31 08:02:05.797,2020-03-31,8,1,2020-03-31,-0.016977409352740024,-0.00848050086944696
"[{'query': '王品', 'score': 9.75, 'category': 'stock', 'num': '2727', 'change_rate': -4.54, 'change_rate_new': -0.0454, 'open': 62.8, 'close': 61, 'change_rate_today': -0.02866242038216556}, {'query': '宏碁', 'score': 8.75, 'category': 'stock', 'num': '2353', 'change_rate': 0.32, 'change_rate_new': 0.0032, 'open': 15.75, 'close': 15.65, 'change_rate_today': -0.006349206349206327}, {'query': '技嘉', 'score': 6.75, 'category': 'stock', 'num': '2376', 'change_rate': 2.94, 'change_rate_new': 0.0294, 'open': 50.9, 'close': 52.5, 'change_rate_today': 0.031434184675834996}, {'query': '健亞', 'score': 6.5, 'category': 'stock', 'num': '4130', 'change_rate': 3.67, 'change_rate_new': 0.036699999999999997, 'open': 29, 'close': 29.65, 'change_rate_today': 0.022413793103448227}]",2020-04-01T00:01:49.192Z,2020-04-01 08:01:49.192,2020-04-01,8,2,2020-04-01,0.004709087761977835,-0.0038113485303289396
"[{'query': '潤泰新', 'score': 9.75, 'category': 'stock', 'num': '9945', 'change_rate': -0.12, 'change_rate_new': -0.0012, 'open': 42.5, 'close': 41.95, 'change_rate_today': -0.012941176470588168}, {'query': '立積', 'score': 8.25, 'category': 'stock', 'num': '4968', 'change_rate': 6.56, 'change_rate_new': 0.06559999999999999, 'open': 133.5, 'close': 138, 'change_rate_today': 0.033707865168539325}, {'query': '王品', 'score': 7.75, 'category': 'stock', 'num': '2727', 'change_rate': -1.64, 'change_rate_new': -0.016399999999999998, 'open': 61, 'close': 60, 'change_rate_today': -0.01639344262295082}, {'query': '裕隆', 'score': 7.75, 'category': 'stock', 'num': '2201', 'change_rate': 4.71, 'change_rate_new': 0.0471, 'open': 14.95, 'close': 15.55, 'change_rate_today': 0.040133779264214145}]",2020-04-06T00:04:45.887Z,2020-04-06 08:04:45.887,2020-04-06,8,0,2020-04-06,0.01112675633480362,0.007272999858070728
"[{'query': '正崴', 'score': 9.25, 'category': 'stock', 'num': '2392', 'change_rate': 6.56, 'change_rate_new': 0.06559999999999999, 'open': 34.2, 'close': 34.9, 'change_rate_today': 0.020467836257309815}, {'query': '松翰', 'score': 8.25, 'category': 'stock', 'num': '5471', 'change_rate': -0.46, 'change_rate_new': -0.0046, 'open': 44.95, 'close': 43.5, 'change_rate_today': -0.032258064516129094}, {'query': '瑞儀', 'score': 7.5, 'category': 'stock', 'num': '6176', 'change_rate': 5.9, 'change_rate_new': 0.059000000000000004, 'open': 81.2, 'close': 84.4, 'change_rate_today': 0.03940886699507393}, {'query': '潤泰新', 'score': 7, 'category': 'stock', 'num': '9945', 'change_rate': -1.55, 'change_rate_new': -0.0155, 'open': 42, 'close': 41.3, 'change_rate_today': -0.016666666666666736}]",2020-04-07T00:01:29.548Z,2020-04-07 08:01:29.548,2020-04-07,8,1,2020-04-07,0.002737993017396978,0.010030906298294617
"[{'query': '正崴', 'score': 10, 'category': 'stock', 'num': '2392', 'change_rate': 0.29, 'change_rate_new': 0.0029, 'open': 34.65, 'close': 35, 'change_rate_today': 0.010101010101010142}, {'query': '瑞儀', 'score': 8.5, 'category': 'stock', 'num': '6176', 'change_rate': 5.69, 'change_rate_new': 0.056900000000000006, 'open': 85.4, 'close': 89.2, 'change_rate_today': 0.044496487119437905}, {'query': '松翰', 'score': 7.75, 'category': 'stock', 'num': '5471', 'change_rate': -0.23, 'change_rate_new': -0.0023, 'open': 44.1, 'close': 43.4, 'change_rate_today': -0.015873015873015938}, {'query': '康那香', 'score': 6.5, 'category': 'stock', 'num': '9919', 'change_rate': 0.26, 'change_rate_new': 0.0026, 'open': 19.65, 'close': 19.4, 'change_rate_today': -0.012722646310432571}]",2020-04-08T00:01:28.538Z,2020-04-08 08:01:28.538,2020-04-08,8,2,2020-04-08,0.006500458759249882,0.01659657055025443
"[{'query': '旺宏', 'score': 9.5, 'category': 'stock', 'num': '2337', 'change_rate': -0.64, 'change_rate_new': -0.0064, 'open': 32.5, 'close': 31.2, 'change_rate_today': -0.04000000000000002}, {'query': '瑞儀', 'score': 9, 'category': 'stock', 'num': '6176', 'change_rate': -1.35, 'change_rate_new': -0.013500000000000002, 'open': 90.1, 'close': 88, 'change_rate_today': -0.023307436182019917}, {'query': '康那香', 'score': 7.5, 'category': 'stock', 'num': '9919', 'change_rate': 0.52, 'change_rate_new': 0.0052, 'open': 19.6, 'close': 19.5, 'change_rate_today': -0.005102040816326603}, {'query': '松翰', 'score': 7, 'category': 'stock', 'num': '5471', 'change_rate': 1.5, 'change_rate_new': 0.015, 'open': 46.1, 'close': 44.05, 'change_rate_today': -0.044468546637744126}]",2020-04-09T00:02:47.098Z,2020-04-09 08:02:47.098,2020-04-09,8,3,2020-04-09,-0.02821950590902267,-0.01209128237948065
"[{'query': '旺宏', 'score': 10, 'category': 'stock', 'num': '2337', 'change_rate': 0.16, 'change_rate_new': 0.0016, 'open': 31.2, 'close': 31.25, 'change_rate_today': 0.0016025641025641253}, {'query': '奇力新', 'score': 8.5, 'category': 'stock', 'num': '2456', 'change_rate': 0.53, 'change_rate_new': 0.0053, 'open': 95.9, 'close': 95.6, 'change_rate_today': -0.003128258602711276}, {'query': '瑞儀', 'score': 7.25, 'category': 'stock', 'num': '6176', 'change_rate': 2.39, 'change_rate_new': 0.0239, 'open': 88, 'close': 90.1, 'change_rate_today': 0.0238636363636363}, {'query': '松翰', 'score': 6.5, 'category': 'stock', 'num': '5471', 'change_rate': 1.02, 'change_rate_new': 0.0102, 'open': 44.5, 'close': 44.5, 'change_rate_today': 0.0}]",2020-04-10T00:01:37.315Z,2020-04-10 08:01:37.315,2020-04-10,8,4,2020-04-10,0.005584485465872287,-0.006574320504320386
"[{'query': '大宇資', 'score': 10, 'category': 'stock', 'num': '6111', 'change_rate': -4.98, 'change_rate_new': -0.049800000000000004, 'open': 68.5, 'close': 64.9, 'change_rate_today': -0.05255474452554736}, {'query': '旺宏', 'score': 9, 'category': 'stock', 'num': '2337', 'change_rate': -1.6, 'change_rate_new': -0.016, 'open': 31.25, 'close': 30.75, 'change_rate_today': -0.016}, {'query': '奇力新', 'score': 7, 'category': 'stock', 'num': '2456', 'change_rate': -1.15, 'change_rate_new': -0.0115, 'open': 95.6, 'close': 94.5, 'change_rate_today': -0.011506276150627557}, {'query': '聯電', 'score': 7, 'category': 'stock', 'num': '2303', 'change_rate': 3.5, 'change_rate_new': 0.035, 'open': 14.45, 'close': 14.8, 'change_rate_today': 0.024221453287197332}]",2020-04-13T00:01:32.188Z,2020-04-13 08:01:32.188,2020-04-13,8,0,2020-04-13,-0.013959891847244396,-0.020442435548355342
"[{'query': '明泰', 'score': 9.75, 'category': 'stock', 'num': '3380', 'change_rate': 5.25, 'change_rate_new': 0.0525, 'open': 20, 'close': 21.05, 'change_rate_today': 0.05250000000000003}, {'query': '大宇資', 'score': 7.75, 'category': 'stock', 'num': '6111', 'change_rate': 1.23, 'change_rate_new': 0.0123, 'open': 64.9, 'close': 65.7, 'change_rate_today': 0.01232665639445296}, {'query': '聯電', 'score': 7.5, 'category': 'stock', 'num': '2303', 'change_rate': 2.36, 'change_rate_new': 0.0236, 'open': 15.05, 'close': 15.15, 'change_rate_today': 0.006644518272425225}, {'query': '台耀', 'score': 6.5, 'category': 'stock', 'num': '4746', 'change_rate': 1.77, 'change_rate_new': 0.0177, 'open': 48.95, 'close': 49, 'change_rate_today': 0.0010214504596526488}]",2020-04-14T00:01:38.683Z,2020-04-14 08:01:38.683,2020-04-14,8,1,2020-04-14,0.018123156281632715,-0.0026897607209427354
"[{'query': '明泰', 'score': 9.25, 'category': 'stock', 'num': '3380', 'change_rate': -0.71, 'change_rate_new': -0.0070999999999999995, 'open': 21.1, 'close': 20.9, 'change_rate_today': -0.009478672985782125}, {'query': '聯電', 'score': 8, 'category': 'stock', 'num': '2303', 'change_rate': -0.33, 'change_rate_new': -0.0033, 'open': 15.15, 'close': 15.1, 'change_rate_today': -0.003300330033003347}, {'query': '網家', 'score': 7.25, 'category': 'stock', 'num': '8044', 'change_rate': -4.84, 'change_rate_new': -0.0484, 'open': 90.5, 'close': 86.6, 'change_rate_today': -0.043093922651933764}, {'query': '台耀', 'score': 6.5, 'category': 'stock', 'num': '4746', 'change_rate': -1.53, 'change_rate_new': -0.015300000000000001, 'open': 49.3, 'close': 48.25, 'change_rate_today': -0.021298174442190614}]",2020-04-15T00:01:31.314Z,2020-04-15 08:01:31.314,2020-04-15,8,2,2020-04-15,-0.01929277502822746,-0.02193064280070134
"[{'query': '網家', 'score': 9, 'category': 'stock', 'num': '8044', 'change_rate': 1.39, 'change_rate_new': 0.0139, 'open': 86.7, 'close': 87.8, 'change_rate_today': 0.01268742791234134}, {'query': '柏文', 'score': 8.5, 'category': 'stock', 'num': '8462', 'change_rate': -1.68, 'change_rate_new': -0.0168, 'open': 145.5, 'close': 146, 'change_rate_today': 0.003436426116838488}, {'query': '明泰', 'score': 7.5, 'category': 'stock', 'num': '3380', 'change_rate': -0.24, 'change_rate_new': -0.0024, 'open': 20.75, 'close': 20.85, 'change_rate_today': 0.004819277108433803}, {'query': '聯電', 'score': 7, 'category': 'stock', 'num': '2303', 'change_rate': -1.32, 'change_rate_new': -0.0132, 'open': 14.85, 'close': 14.9, 'change_rate_today': 0.003367003367003415}]",2020-04-16T00:01:49.190Z,2020-04-16 08:01:49.190,2020-04-16,8,3,2020-04-16,0.006077533626154262,-0.01598639339361152
"[{'query': '晶豪科', 'score': 8.75, 'category': 'stock', 'num': '3006', 'change_rate': -0.14, 'change_rate_new': -0.0014000000000000002, 'open': 36.6, 'close': 35.8, 'change_rate_today': -0.021857923497267874}, {'query': '聯電', 'score': 8.5, 'category': 'stock', 'num': '2303', 'change_rate': 1.01, 'change_rate_new': 0.0101, 'open': 15.2, 'close': 15.05, 'change_rate_today': -0.009868421052631486}, {'query': '柏文', 'score': 7.5, 'category': 'stock', 'num': '8462', 'change_rate': -1.37, 'change_rate_new': -0.0137, 'open': 151, 'close': 144, 'change_rate_today': -0.046357615894039736}, {'query': '明泰', 'score': 7, 'category': 'stock', 'num': '3380', 'change_rate': -1.44, 'change_rate_new': -0.0144, 'open': 21.5, 'close': 20.55, 'change_rate_today': -0.04418604651162787}]",2020-04-17T00:01:49.001Z,2020-04-17 08:01:49.001,2020-04-17,8,4,2020-04-17,-0.03056750173889174,-0.04606523102464544
"[{'query': '定穎', 'score': 9.75, 'category': 'stock', 'num': '6251', 'change_rate': 9.97, 'change_rate_new': 0.09970000000000001, 'open': 19.5, 'close': 20.4, 'change_rate_today': 0.04615384615384608}, {'query': '巨大', 'score': 9.25, 'category': 'stock', 'num': '9921', 'change_rate': 4.59, 'change_rate_new': 0.045899999999999996, 'open': 145, 'close': 148, 'change_rate_today': 0.020689655172413793}, {'query': '明泰', 'score': 7.75, 'category': 'stock', 'num': '3380', 'change_rate': 1.95, 'change_rate_new': 0.0195, 'open': 20.5, 'close': 20.95, 'change_rate_today': 0.021951219512195086}, {'query': '晶技', 'score': 5.5, 'category': 'stock', 'num': '3042', 'change_rate': 7.83, 'change_rate_new': 0.0783, 'open': 64.4, 'close': 67.5, 'change_rate_today': 0.04813664596273283}]",2020-04-20T00:03:33.431Z,2020-04-20 08:03:33.431,2020-04-20,8,0,2020-04-20,0.034232841700296945,-0.013409333085902864
"[{'query': '定穎', 'score': 9.25, 'category': 'stock', 'num': '6251', 'change_rate': -2.21, 'change_rate_new': -0.022099999999999998, 'open': 20.55, 'close': 19.95, 'change_rate_today': -0.02919708029197087}, {'query': '力山', 'score': 9.25, 'category': 'stock', 'num': '1515', 'change_rate': -3.61, 'change_rate_new': -0.0361, 'open': 66.9, 'close': 64.1, 'change_rate_today': -0.04185351270553081}, {'query': '巨大', 'score': 7.25, 'category': 'stock', 'num': '9921', 'change_rate': -3.04, 'change_rate_new': -0.0304, 'open': 146, 'close': 143.5, 'change_rate_today': -0.017123287671232876}, {'query': '合一', 'score': 7, 'category': 'stock', 'num': '4743', 'change_rate': 9.89, 'change_rate_new': 0.0989, 'open': 46.1, 'close': 46.1, 'change_rate_today': 0.0}]",2020-04-21T00:02:18.110Z,2020-04-21 08:02:18.110,2020-04-21,8,1,2020-04-21,-0.02204347016718364,-0.035157215019245625
"[{'query': '合一', 'score': 9.5, 'category': 'stock', 'num': '4743', 'change_rate': 1.95, 'change_rate_new': 0.0195, 'open': 45.55, 'close': 47, 'change_rate_today': 0.03183315038419326}, {'query': '定穎', 'score': 8.75, 'category': 'stock', 'num': '6251', 'change_rate': -2.26, 'change_rate_new': -0.0226, 'open': 19.65, 'close': 19.5, 'change_rate_today': -0.0076335877862594706}, {'query': '矽統', 'score': 7.25, 'category': 'stock', 'num': '2363', 'change_rate': -2.25, 'change_rate_new': -0.0225, 'open': 10.85, 'close': 10.85, 'change_rate_today': 0.0}, {'query': '巨大', 'score': 6, 'category': 'stock', 'num': '9921', 'change_rate': 2.79, 'change_rate_new': 0.0279, 'open': 142, 'close': 147.5, 'change_rate_today': 0.03873239436619718}]",2020-04-22T00:02:26.476Z,2020-04-22 08:02:26.476,2020-04-22,8,2,2020-04-22,0.01573298924103274,-0.01997735386385535
"[{'query': '定穎', 'score': 9.25, 'category': 'stock', 'num': '6251', 'change_rate': 2.05, 'change_rate_new': 0.020499999999999997, 'open': 19.7, 'close': 19.9, 'change_rate_today': 0.010152284263959355}, {'query': '台勝科', 'score': 8.5, 'category': 'stock', 'num': '3532', 'change_rate': 0, 'change_rate_new': 0.0, 'open': 143, 'close': 139, 'change_rate_today': -0.027972027972027972}, {'query': '合一', 'score': 7, 'category': 'stock', 'num': '4743', 'change_rate': 10, 'change_rate_new': 0.1, 'open': 47.1, 'close': 51.7, 'change_rate_today': 0.09766454352441617}, {'query': '巨大', 'score': 6.75, 'category': 'stock', 'num': '9921', 'change_rate': 2.03, 'change_rate_new': 0.0203, 'open': 148, 'close': 150.5, 'change_rate_today': 0.016891891891891893}]",2020-04-23T00:02:23.994Z,2020-04-23 08:02:23.994,2020-04-23,8,3,2020-04-23,0.024184172927059863,0.003723683282735868
"[{'query': '定穎', 'score': 8.25, 'category': 'stock', 'num': '6251', 'change_rate': -1.51, 'change_rate_new': -0.0151, 'open': 19.55, 'close': 19.6, 'change_rate_today': 0.0025575447570332843}, {'query': '合一', 'score': 8.25, 'category': 'stock', 'num': '4743', 'change_rate': 6.58, 'change_rate_new': 0.0658, 'open': 53.1, 'close': 55.1, 'change_rate_today': 0.03766478342749529}, {'query': '寶齡富錦', 'score': 8, 'category': 'stock', 'num': '1760', 'change_rate': 9.95, 'change_rate_new': 0.09949999999999999, 'open': 114, 'close': 116, 'change_rate_today': 0.017543859649122806}, {'query': '巨大', 'score': 6.75, 'category': 'stock', 'num': '9921', 'change_rate': 0, 'change_rate_new': 0.0, 'open': 148, 'close': 150.5, 'change_rate_today': 0.016891891891891893}]",2020-04-24T00:02:15.463Z,2020-04-24 08:02:15.463,2020-04-24,8,4,2020-04-24,0.01866451993138582,0.02245770397497049
"[{'query': '寶齡富錦', 'score': 10, 'category': 'stock', 'num': '1760', 'change_rate': 9.91, 'change_rate_new': 0.09910000000000001, 'open': 127.5, 'close': 127.5, 'change_rate_today': 0.0}, {'query': '強茂', 'score': 8.25, 'category': 'stock', 'num': '2481', 'change_rate': 0.63, 'change_rate_new': 0.0063, 'open': 24, 'close': 23.85, 'change_rate_today': -0.0062499999999999405}, {'query': '敏成', 'score': 7.75, 'category': 'stock', 'num': '4431', 'change_rate': 50.01, 'change_rate_new': 0.5001, 'open': 88.01, 'close': 162.5, 'change_rate_today': 0.846381093057607}, {'query': 'ABC-KY', 'score': 6.75, 'category': 'stock', 'num': '6598', 'change_rate': 7.19, 'change_rate_new': 0.0719, 'open': 73.01, 'close': 75.9, 'change_rate_today': 0.039583618682372285}]",2020-04-27T00:02:18.899Z,2020-04-27 08:02:18.899,2020-04-27,8,0,2020-04-27,0.21992867793499482,0.24732547505463587
"[{'query': '敏成', 'score': 9.25, 'category': 'stock', 'num': '4431', 'change_rate': 15.97, 'change_rate_new': 0.1597, 'open': 132.02, 'close': 145.5, 'change_rate_today': 0.10210574155430986}, {'query': '寶齡富錦', 'score': 7.75, 'category': 'stock', 'num': '1760', 'change_rate': -9.41, 'change_rate_new': -0.0941, 'open': 125, 'close': 115.5, 'change_rate_today': -0.076}, {'query': '晶電', 'score': 7.75, 'category': 'stock', 'num': '2448', 'change_rate': -2.24, 'change_rate_new': -0.022400000000000003, 'open': 40.4, 'close': 39.35, 'change_rate_today': -0.02599009900990092}, {'query': '強茂', 'score': 6.5, 'category': 'stock', 'num': '2481', 'change_rate': 1.26, 'change_rate_new': 0.0126, 'open': 23.85, 'close': 24.15, 'change_rate_today': 0.012578616352201137}]",2020-04-28T00:02:01.652Z,2020-04-28 08:02:01.652,2020-04-28,8,1,2020-04-28,0.0031735647241525203,0.2512839431818059
"[{'query': '康那香', 'score': 9, 'category': 'stock', 'num': '9919', 'change_rate': 9.84, 'change_rate_new': 0.0984, 'open': 26.5, 'close': 27.9, 'change_rate_today': 0.05283018867924523}, {'query': '敏成', 'score': 8.75, 'category': 'stock', 'num': '4431', 'change_rate': -3.53, 'change_rate_new': -0.0353, 'open': 153.1, 'close': 153.5, 'change_rate_today': 0.0026126714565643744}, {'query': '台康生技', 'score': 8.25, 'category': 'stock', 'num': '6589', 'change_rate': -0.53, 'change_rate_new': -0.0053, 'open': 45.75, 'close': 46.65, 'change_rate_today': 0.019672131147540954}, {'query': '強茂', 'score': 7, 'category': 'stock', 'num': '2481', 'change_rate': 1.04, 'change_rate_new': 0.0104, 'open': 24.5, 'close': 24.4, 'change_rate_today': -0.004081632653061282}]",2020-04-29T00:02:01.654Z,2020-04-29 08:02:01.654,2020-04-29,8,2,2020-04-29,0.017758339657572317,0.2735046684528948
"[{'query': '康那香', 'score': 9.75, 'category': 'stock', 'num': '9919', 'change_rate': 9.86, 'change_rate_new': 0.0986, 'open': 30.6, 'close': 30.65, 'change_rate_today': 0.0016339869281044822}, {'query': '盛弘', 'score': 8.75, 'category': 'stock', 'num': '8403', 'change_rate': 4.4, 'change_rate_new': 0.044000000000000004, 'open': 45.65, 'close': 46.3, 'change_rate_today': 0.014238773274917823}, {'query': '台康生技', 'score': 8.5, 'category': 'stock', 'num': '6589', 'change_rate': -0.75, 'change_rate_new': -0.0075, 'open': 46.65, 'close': 46.3, 'change_rate_today': -0.007502679528403031}, {'query': '敏成', 'score': 6.5, 'category': 'stock', 'num': '4431', 'change_rate': 1.4, 'change_rate_new': 0.013999999999999999, 'open': 147.69, 'close': 150.5, 'change_rate_today': 0.019026338953212825}]",2020-04-30T00:03:14.721Z,2020-04-30 08:03:14.721,2020-04-30,8,3,2020-04-30,0.006849104906958024,0.28222703552662964
"[{'query': '康那香', 'score': 9.5, 'category': 'stock', 'num': '9919', 'change_rate': 9.95, 'change_rate_new': 0.09949999999999999, 'open': 33.7, 'close': 33.7, 'change_rate_today': 0.0}, {'query': '正新', 'score': 7.75, 'category': 'stock', 'num': '2105', 'change_rate': -1.3, 'change_rate_new': -0.013000000000000001, 'open': 33.4, 'close': 34.1, 'change_rate_today': 0.020958083832335415}, {'query': '盛弘', 'score': 7.25, 'category': 'stock', 'num': '8403', 'change_rate': 9.94, 'change_rate_new': 0.09939999999999999, 'open': 45.3, 'close': 50.9, 'change_rate_today': 0.12362030905077266}, {'query': '新麗', 'score': 7, 'category': 'stock', 'num': '9944', 'change_rate': 1.55, 'change_rate_new': 0.0155, 'open': 22.6, 'close': 22.9, 'change_rate_today': 0.013274336283185714}]",2020-05-04T00:01:46.950Z,2020-05-04 08:01:46.950,2020-05-04,8,0,2020-05-04,0.03946318229157345,0.33282779476880076
"[{'query': '康那香', 'score': 9.25, 'category': 'stock', 'num': '9919', 'change_rate': 9.94, 'change_rate_new': 0.09939999999999999, 'open': 37.05, 'close': 37.05, 'change_rate_today': 0.0}, {'query': '盛弘', 'score': 7.75, 'category': 'stock', 'num': '8403', 'change_rate': -1.57, 'change_rate_new': -0.015700000000000002, 'open': 50.6, 'close': 50.1, 'change_rate_today': -0.009881422924901186}, {'query': '日揚', 'score': 7.25, 'category': 'stock', 'num': '6208', 'change_rate': 1.23, 'change_rate_new': 0.0123, 'open': 24.3, 'close': 24.6, 'change_rate_today': 0.012345679012345708}, {'query': '新麗', 'score': 7.25, 'category': 'stock', 'num': '9944', 'change_rate': 3.49, 'change_rate_new': 0.0349, 'open': 23.05, 'close': 23.7, 'change_rate_today': 0.028199566160520544}]",2020-05-05T00:01:49.966Z,2020-05-05 08:01:49.966,2020-05-05,8,1,2020-05-05,0.007665955561991266,0.3430451934152854
"[{'query': '台燿', 'score': 9.75, 'category': 'stock', 'num': '6274', 'change_rate': 1.42, 'change_rate_new': 0.014199999999999999, 'open': 141, 'close': 142.5, 'change_rate_today': 0.010638297872340425}, {'query': '鈺太', 'score': 9.25, 'category': 'stock', 'num': '6679', 'change_rate': 1.28, 'change_rate_new': 0.0128, 'open': 161, 'close': 158.5, 'change_rate_today': -0.015527950310559006}, {'query': '新麗', 'score': 7.5, 'category': 'stock', 'num': '9944', 'change_rate': 3.38, 'change_rate_new': 0.0338, 'open': 24.3, 'close': 24.5, 'change_rate_today': 0.00823045267489709}, {'query': '日揚', 'score': 7, 'category': 'stock', 'num': '6208', 'change_rate': 0.81, 'change_rate_new': 0.008100000000000001, 'open': 24.9, 'close': 24.8, 'change_rate_today': -0.004016064257028027}]",2020-05-06T00:01:53.773Z,2020-05-06 08:01:53.773,2020-05-06,8,2,2020-05-06,-0.00016881600508737932,0.34281846589108134
"[{'query': '台燿', 'score': 8, 'category': 'stock', 'num': '6274', 'change_rate': 3.16, 'change_rate_new': 0.0316, 'open': 144.5, 'close': 147, 'change_rate_today': 0.01730103806228374}, {'query': '遠東新', 'score': 8, 'category': 'stock', 'num': '1402', 'change_rate': -3.19, 'change_rate_new': -0.0319, 'open': 28, 'close': 27.35, 'change_rate_today': -0.023214285714285663}, {'query': '鈺太', 'score': 7.5, 'category': 'stock', 'num': '6679', 'change_rate': 1.58, 'change_rate_new': 0.0158, 'open': 160, 'close': 161, 'change_rate_today': 0.00625}, {'query': '新麗', 'score': 7.5, 'category': 'stock', 'num': '9944', 'change_rate': -7.35, 'change_rate_new': -0.0735, 'open': 24.8, 'close': 22.7, 'change_rate_today': -0.08467741935483876}]",2020-05-07T00:01:59.456Z,2020-05-07 08:01:59.456,2020-05-07,8,3,2020-05-07,-0.021085166751710172,0.31450491462049235
"[{'query': '南帝', 'score': 10, 'category': 'stock', 'num': '2108', 'change_rate': 3.39, 'change_rate_new': 0.0339, 'open': 40, 'close': 38.15, 'change_rate_today': -0.046250000000000034}, {'query': '鈺太', 'score': 8.25, 'category': 'stock', 'num': '6679', 'change_rate': 1.55, 'change_rate_new': 0.0155, 'open': 164, 'close': 163.5, 'change_rate_today': -0.003048780487804878}, {'query': '橘子', 'score': 8, 'category': 'stock', 'num': '6180', 'change_rate': -2.27, 'change_rate_new': -0.0227, 'open': 61.9, 'close': 60.4, 'change_rate_today': -0.024232633279483037}, {'query': '遠東新', 'score': 6, 'category': 'stock', 'num': '1402', 'change_rate': -0.37, 'change_rate_new': -0.0037, 'open': 27.5, 'close': 27.25, 'change_rate_today': -0.00909090909090909}]",2020-05-08T00:01:58.918Z,2020-05-08 08:01:58.918,2020-05-08,8,4,2020-05-08,-0.02065558071454926,0.28735305225687724
"[{'query': '美德醫療-DR', 'score': 9.25, 'category': 'stock', 'num': '9103', 'change_rate': -9.92, 'change_rate_new': -0.0992, 'open': 5.65, 'close': 4.63, 'change_rate_today': -0.18053097345132751}, {'query': '南帝', 'score': 8.25, 'category': 'stock', 'num': '2108', 'change_rate': -1.05, 'change_rate_new': -0.0105, 'open': 38.35, 'close': 37.75, 'change_rate_today': -0.015645371577575003}, {'query': '橘子', 'score': 8, 'category': 'stock', 'num': '6180', 'change_rate': 0, 'change_rate_new': 0.0, 'open': 61, 'close': 60.4, 'change_rate_today': -0.009836065573770515}, {'query': '國光生', 'score': 7, 'category': 'stock', 'num': '4142', 'change_rate': 7.95, 'change_rate_new': 0.0795, 'open': 39, 'close': 40.75, 'change_rate_today': 0.04487179487179487}]",2020-05-11T00:02:04.328Z,2020-05-11 08:02:04.328,2020-05-11,8,0,2020-05-11,-0.04028515393271954,0.2354918363809526
"[{'query': '美德醫療-DR', 'score': 9, 'category': 'stock', 'num': '9103', 'change_rate': 3.67, 'change_rate_new': 0.036699999999999997, 'open': 4.75, 'close': 4.8, 'change_rate_today': 0.010526315789473648}, {'query': '國光生', 'score': 8.75, 'category': 'stock', 'num': '4142', 'change_rate': 2.33, 'change_rate_new': 0.0233, 'open': 40.5, 'close': 41.7, 'change_rate_today': 0.0296296296296297}, {'query': '南帝', 'score': 7.75, 'category': 'stock', 'num': '2108', 'change_rate': -0.66, 'change_rate_new': -0.0066, 'open': 38.5, 'close': 37.5, 'change_rate_today': -0.025974025974025976}, {'query': '橘子', 'score': 6.25, 'category': 'stock', 'num': '6180', 'change_rate': 1.32, 'change_rate_new': 0.0132, 'open': 60, 'close': 61.2, 'change_rate_today': 0.02000000000000005}]",2020-05-12T00:02:03.879Z,2020-05-12 08:02:03.879,2020-05-12,8,1,2020-05-12,0.008545479861269356,0.24604970698750872
"[{'query': '美德醫療-DR', 'score': 9.25, 'category': 'stock', 'num': '9103', 'change_rate': 6.04, 'change_rate_new': 0.0604, 'open': 5.11, 'close': 5.09, 'change_rate_today': -0.003913894324853319}, {'query': '微星', 'score': 9, 'category': 'stock', 'num': '2377', 'change_rate': 3.66, 'change_rate_new': 0.0366, 'open': 99.1, 'close': 102, 'change_rate_today': 0.029263370332997033}, {'query': '南帝', 'score': 7, 'category': 'stock', 'num': '2108', 'change_rate': 3.73, 'change_rate_new': 0.0373, 'open': 37.5, 'close': 38.9, 'change_rate_today': 0.037333333333333295}, {'query': '惠特', 'score': 7, 'category': 'stock', 'num': '6706', 'change_rate': 3.41, 'change_rate_new': 0.0341, 'open': 130, 'close': 136.5, 'change_rate_today': 0.05}]",2020-05-13T00:02:05.047Z,2020-05-13 08:02:05.047,2020-05-13,8,2,2020-05-13,0.028170702335369252,0.28115180237812787
"[{'query': '錸德', 'score': 10, 'category': 'stock', 'num': '2349', 'change_rate': 9.86, 'change_rate_new': 0.0986, 'open': 6.46, 'close': 6.46, 'change_rate_today': 0.0}, {'query': '美德醫療-DR', 'score': 8.75, 'category': 'stock', 'num': '9103', 'change_rate': -5.7, 'change_rate_new': -0.057, 'open': 4.99, 'close': 4.8, 'change_rate_today': -0.0380761523046093}, {'query': '微星', 'score': 7.25, 'category': 'stock', 'num': '2377', 'change_rate': 0.49, 'change_rate_new': 0.0049, 'open': 103.5, 'close': 102.5, 'change_rate_today': -0.00966183574879227}, {'query': '南帝', 'score': 6.5, 'category': 'stock', 'num': '2108', 'change_rate': -6.68, 'change_rate_new': -0.0668, 'open': 38.9, 'close': 36.3, 'change_rate_today': -0.06683804627249361}]",2020-05-14T00:02:57.819Z,2020-05-14 08:02:57.819,2020-05-14,8,3,2020-05-14,-0.028644008581473795,0.2444544791566381
"[{'query': '錸德', 'score': 10, 'category': 'stock', 'num': '2349', 'change_rate': 9.91, 'change_rate_new': 0.09910000000000001, 'open': 7.1, 'close': 7.1, 'change_rate_today': 0.0}, {'query': '宇峻', 'score': 8, 'category': 'stock', 'num': '3546', 'change_rate': -9.88, 'change_rate_new': -0.09880000000000001, 'open': 88.4, 'close': 88.5, 'change_rate_today': 0.0011312217194569493}, {'query': '技嘉', 'score': 8, 'category': 'stock', 'num': '2376', 'change_rate': 5.94, 'change_rate_new': 0.0594, 'open': 61.2, 'close': 62.4, 'change_rate_today': 0.019607843137254832}, {'query': '微星', 'score': 7.5, 'category': 'stock', 'num': '2377', 'change_rate': 0.98, 'change_rate_new': 0.0098, 'open': 105, 'close': 103.5, 'change_rate_today': -0.014285714285714285}]",2020-05-15T00:02:10.547Z,2020-05-15 08:02:10.547,2020-05-15,8,4,2020-05-15,0.0016133376427493744,0.2464622044125495
"[{'query': '錸德', 'score': 10, 'category': 'stock', 'num': '2349', 'change_rate': -9.86, 'change_rate_new': -0.0986, 'open': 7.81, 'close': 6.4, 'change_rate_today': -0.18053777208706778}, {'query': '祥碩', 'score': 8, 'category': 'stock', 'num': '5269', 'change_rate': 4.76, 'change_rate_new': 0.047599999999999996, 'open': 1060, 'close': 1100, 'change_rate_today': 0.03773584905660377}, {'query': '雅茗-KY', 'score': 7.25, 'category': 'stock', 'num': '2726', 'change_rate': -1.98, 'change_rate_new': -0.019799999999999998, 'open': 64.9, 'close': 64.2, 'change_rate_today': -0.010785824345146421}, {'query': '技嘉', 'score': 7, 'category': 'stock', 'num': '2376', 'change_rate': -0.64, 'change_rate_new': -0.0064, 'open': 62.9, 'close': 62, 'change_rate_today': -0.014308426073131934}]",2020-05-18T00:02:15.036Z,2020-05-18 08:02:15.036,2020-05-18,8,0,2020-05-18,-0.04197404336218559,0.19414314579521164
"[{'query': '錸德', 'score': 9.5, 'category': 'stock', 'num': '2349', 'change_rate': -9.53, 'change_rate_new': -0.0953, 'open': 6, 'close': 5.79, 'change_rate_today': -0.034999999999999996}, {'query': '祥碩', 'score': 8.75, 'category': 'stock', 'num': '5269', 'change_rate': 0.45, 'change_rate_new': 0.0045000000000000005, 'open': 1120, 'close': 1105, 'change_rate_today': -0.013392857142857142}, {'query': '雅茗-KY', 'score': 8.5, 'category': 'stock', 'num': '2726', 'change_rate': 1.09, 'change_rate_new': 0.0109, 'open': 65.9, 'close': 64.9, 'change_rate_today': -0.015174506828528072}, {'query': '技嘉', 'score': 6.25, 'category': 'stock', 'num': '2376', 'change_rate': 0.97, 'change_rate_new': 0.0097, 'open': 64, 'close': 62.6, 'change_rate_today': -0.021874999999999978}]",2020-05-19T00:02:16.302Z,2020-05-19 08:02:16.302,2020-05-19,8,1,2020-05-19,-0.021360590992846297,0.16863554247096935
"[{'query': '宅配通', 'score': 10, 'category': 'stock', 'num': '2642', 'change_rate': -2.44, 'change_rate_new': -0.024399999999999998, 'open': 39.25, 'close': 38.05, 'change_rate_today': -0.030573248407643385}, {'query': '中天', 'score': 8.5, 'category': 'stock', 'num': '4128', 'change_rate': 4.35, 'change_rate_new': 0.0435, 'open': 35.4, 'close': 33.6, 'change_rate_today': -0.050847457627118564}, {'query': '錸德', 'score': 8, 'category': 'stock', 'num': '2349', 'change_rate': 2.76, 'change_rate_new': 0.0276, 'open': 5.8, 'close': 5.95, 'change_rate_today': 0.025862068965517303}, {'query': '雅茗-KY', 'score': 7.5, 'category': 'stock', 'num': '2726', 'change_rate': 1.85, 'change_rate_new': 0.018500000000000003, 'open': 66.1, 'close': 66.1, 'change_rate_today': 0.0}]",2020-05-20T00:04:15.865Z,2020-05-20 08:04:15.865,2020-05-20,8,2,2020-05-20,-0.013889659267311161,0.15240359297837824
"[{'query': '中天', 'score': 9.25, 'category': 'stock', 'num': '4128', 'change_rate': -9.97, 'change_rate_new': -0.09970000000000001, 'open': 30.25, 'close': 30.25, 'change_rate_today': 0.0}, {'query': '錸德', 'score': 9, 'category': 'stock', 'num': '2349', 'change_rate': -5.55, 'change_rate_new': -0.0555, 'open': 5.85, 'close': 5.62, 'change_rate_today': -0.03931623931623924}, {'query': '宅配通', 'score': 8.25, 'category': 'stock', 'num': '2642', 'change_rate': 1.18, 'change_rate_new': 0.0118, 'open': 38.7, 'close': 38.5, 'change_rate_today': -0.005167958656330822}, {'query': '雅茗-KY', 'score': 7, 'category': 'stock', 'num': '2726', 'change_rate': -2.57, 'change_rate_new': -0.025699999999999997, 'open': 66.1, 'close': 64.4, 'change_rate_today': -0.025718608169440074}]",2020-05-21T00:02:18.235Z,2020-05-21 08:02:18.235,2020-05-21,8,3,2020-05-21,-0.017550701535502533,0.13217810146957398
"[{'query': '金萬林', 'score': 9.5, 'category': 'stock', 'num': '6645', 'change_rate': 50.01, 'change_rate_new': 0.5001, 'open': 73.66, 'close': 129.5, 'change_rate_today': 0.7580776540863428}, {'query': '中天', 'score': 8.25, 'category': 'stock', 'num': '4128', 'change_rate': 4.13, 'change_rate_new': 0.041299999999999996, 'open': 27.25, 'close': 31.5, 'change_rate_today': 0.1559633027522936}, {'query': '宅配通', 'score': 7.75, 'category': 'stock', 'num': '2642', 'change_rate': -5.45, 'change_rate_new': -0.0545, 'open': 38.25, 'close': 36.4, 'change_rate_today': -0.04836601307189546}, {'query': '京元電子', 'score': 7.5, 'category': 'stock', 'num': '2449', 'change_rate': -2.17, 'change_rate_new': -0.0217, 'open': 32.05, 'close': 31.6, 'change_rate_today': -0.014040561622464767}]",2020-05-22T00:02:20.578Z,2020-05-22 08:02:20.578,2020-05-22,8,4,2020-05-22,0.212908595536069,0.37322855095015406
"[{'query': '金萬林', 'score': 9.5, 'category': 'stock', 'num': '6645', 'change_rate': 39.33, 'change_rate_new': 0.3933, 'open': 110.5, 'close': 188.5, 'change_rate_today': 0.7058823529411765}, {'query': '基米', 'score': 9.5, 'category': 'stock', 'num': '4195', 'change_rate': 3.15, 'change_rate_new': 0.0315, 'open': 38.74, 'close': 40, 'change_rate_today': 0.03252452245740831}, {'query': '矽統', 'score': 7.5, 'category': 'stock', 'num': '2363', 'change_rate': -2.52, 'change_rate_new': -0.0252, 'open': 14, 'close': 13.55, 'change_rate_today': -0.03214285714285709}, {'query': '宅配通', 'score': 7.25, 'category': 'stock', 'num': '2642', 'change_rate': -2.2, 'change_rate_new': -0.022000000000000002, 'open': 37, 'close': 35.6, 'change_rate_today': -0.0378378378378378}]",2020-05-25T00:03:33.882Z,2020-05-25 08:03:33.882,2020-05-25,8,0,2020-05-25,0.16710654510447248,0.6027040297382553
"[{'query': '金萬林', 'score': 9, 'category': 'stock', 'num': '6645', 'change_rate': 8.41, 'change_rate_new': 0.08410000000000001, 'open': 153.96, 'close': 153.5, 'change_rate_today': -0.002987789036113328}, {'query': '基米', 'score': 8.5, 'category': 'stock', 'num': '4195', 'change_rate': -14.29, 'change_rate_new': -0.1429, 'open': 39.96, 'close': 32.65, 'change_rate_today': -0.18293293293293297}, {'query': '博錸', 'score': 8, 'category': 'stock', 'num': '6572', 'change_rate': 19.44, 'change_rate_new': 0.19440000000000002, 'open': 52.1, 'close': 58.5, 'change_rate_today': 0.12284069097888672}, {'query': '矽統', 'score': 7, 'category': 'stock', 'num': '2363', 'change_rate': -1.85, 'change_rate_new': -0.018500000000000003, 'open': 13.65, 'close': 13.3, 'change_rate_today': -0.025641025641025616}]",2020-05-26T00:02:23.911Z,2020-05-26 08:02:23.911,2020-05-26,8,1,2020-05-26,-0.0221802641577963,0.5671556309918961
"[{'query': '鳳凰', 'score': 9.5, 'category': 'stock', 'num': '5706', 'change_rate': -2.78, 'change_rate_new': -0.0278, 'open': 39, 'close': 36.75, 'change_rate_today': -0.057692307692307696}, {'query': '基米', 'score': 8.5, 'category': 'stock', 'num': '4195', 'change_rate': -15.88, 'change_rate_new': -0.1588, 'open': 34.25, 'close': 28.1, 'change_rate_today': -0.1795620437956204}, {'query': '博錸', 'score': 8.25, 'category': 'stock', 'num': '6572', 'change_rate': -25.71, 'change_rate_new': -0.2571, 'open': 62.23, 'close': 45.45, 'change_rate_today': -0.2696448658203438}, {'query': '金萬林', 'score': 7.5, 'category': 'stock', 'num': '6645', 'change_rate': -30.33, 'change_rate_new': -0.30329999999999996, 'open': 166.91, 'close': 110.5, 'change_rate_today': -0.33796656880953807}]",2020-05-27T00:02:52.617Z,2020-05-27 08:02:52.617,2020-05-27,8,2,2020-05-27,-0.21121644652945248,0.23614658745516603
"[{'query': '金萬林', 'score': 9.25, 'category': 'stock', 'num': '6645', 'change_rate': -8, 'change_rate_new': -0.08, 'open': 116.29, 'close': 103, 'change_rate_today': -0.11428325737380692}, {'query': '鳳凰', 'score': 8.25, 'category': 'stock', 'num': '5706', 'change_rate': -1.77, 'change_rate_new': -0.0177, 'open': 37.5, 'close': 36.1, 'change_rate_today': -0.037333333333333295}, {'query': '博錸', 'score': 7.5, 'category': 'stock', 'num': '6572', 'change_rate': -8.03, 'change_rate_new': -0.0803, 'open': 46.23, 'close': 42.45, 'change_rate_today': -0.08176508760545088}, {'query': '基米', 'score': 6.75, 'category': 'stock', 'num': '4195', 'change_rate': -0.62, 'change_rate_new': -0.0062, 'open': 28.81, 'close': 29, 'change_rate_today': 0.006594932315168389}]",2020-05-28T00:03:43.796Z,2020-05-28 08:03:43.796,2020-05-28,8,3,2020-05-28,-0.05669668649935568,0.16606117191897218
"[{'query': '美德醫療-DR', 'score': 9.5, 'category': 'stock', 'num': '9103', 'change_rate': 7.66, 'change_rate_new': 0.0766, 'open': 9.08, 'close': 9, 'change_rate_today': -0.008810572687224677}, {'query': '鳳凰', 'score': 8, 'category': 'stock', 'num': '5706', 'change_rate': -3.32, 'change_rate_new': -0.0332, 'open': 36.5, 'close': 34.9, 'change_rate_today': -0.043835616438356206}, {'query': '博錸', 'score': 7.5, 'category': 'stock', 'num': '6572', 'change_rate': 17.62, 'change_rate_new': 0.17620000000000002, 'open': 42.52, 'close': 50.4, 'change_rate_today': 0.18532455315145802}, {'query': '基米', 'score': 6.5, 'category': 'stock', 'num': '4195', 'change_rate': 2.83, 'change_rate_new': 0.028300000000000002, 'open': 28.63, 'close': 29.4, 'change_rate_today': 0.026894865525672357}]",2020-05-29T00:02:30.289Z,2020-05-29 08:02:30.289,2020-05-29,8,4,2020-05-29,0.03989330738788737,0.21257920868341595
"[{'query': '燦星旅', 'score': 9.5, 'category': 'stock', 'num': '2719', 'change_rate': 9.84, 'change_rate_new': 0.0984, 'open': 13.95, 'close': 13.95, 'change_rate_today': 0.0}, {'query': '易飛網', 'score': 9.25, 'category': 'stock', 'num': '2734', 'change_rate': -1.57, 'change_rate_new': -0.015700000000000002, 'open': 17.35, 'close': 15.7, 'change_rate_today': -0.09510086455331423}, {'query': '美德醫療-DR', 'score': 7.75, 'category': 'stock', 'num': '9103', 'change_rate': -5.44, 'change_rate_new': -0.054400000000000004, 'open': 9.5, 'close': 8.51, 'change_rate_today': -0.10421052631578949}, {'query': '南緯', 'score': 6, 'category': 'stock', 'num': '1467', 'change_rate': 9.82, 'change_rate_new': 0.09820000000000001, 'open': 15, 'close': 15.1, 'change_rate_today': 0.006666666666666643}]",2020-06-01T00:04:47.105Z,2020-06-01 08:04:47.105,2020-06-01,8,0,2020-06-01,-0.048161181050609264,0.1541799618758095
"[{'query': '南緯', 'score': 9.5, 'category': 'stock', 'num': '1467', 'change_rate': 6.29, 'change_rate_new': 0.0629, 'open': 15.9, 'close': 16.05, 'change_rate_today': 0.009433962264150966}, {'query': '燦星旅', 'score': 9.25, 'category': 'stock', 'num': '2719', 'change_rate': 9.68, 'change_rate_new': 0.0968, 'open': 15.3, 'close': 15.3, 'change_rate_today': 0.0}, {'query': '易飛網', 'score': 7.25, 'category': 'stock', 'num': '2734', 'change_rate': -4.14, 'change_rate_new': -0.0414, 'open': 16.45, 'close': 15.05, 'change_rate_today': -0.08510638297872332}, {'query': '美德醫療-DR', 'score': 7, 'category': 'stock', 'num': '9103', 'change_rate': -9.99, 'change_rate_new': -0.0999, 'open': 8, 'close': 7.66, 'change_rate_today': -0.04249999999999998}]",2020-06-02T00:02:33.703Z,2020-06-02 08:02:33.703,2020-06-02,8,1,2020-06-02,-0.029543105178643083,0.12008190186703027
"[{'query': '燦星旅', 'score': 10, 'category': 'stock', 'num': '2719', 'change_rate': 9.8, 'change_rate_new': 0.098, 'open': 16.8, 'close': 16.8, 'change_rate_today': 0.0}, {'query': '易飛網', 'score': 7.5, 'category': 'stock', 'num': '2734', 'change_rate': 1.66, 'change_rate_new': 0.0166, 'open': 15.05, 'close': 15.3, 'change_rate_today': 0.01661129568106312}, {'query': '南緯', 'score': 7.5, 'category': 'stock', 'num': '1467', 'change_rate': 4.05, 'change_rate_new': 0.0405, 'open': 16.95, 'close': 16.7, 'change_rate_today': -0.014749262536873156}, {'query': '義隆', 'score': 7, 'category': 'stock', 'num': '2458', 'change_rate': 2.25, 'change_rate_new': 0.0225, 'open': 116, 'close': 113.5, 'change_rate_today': -0.021551724137931036}]",2020-06-03T00:03:15.008Z,2020-06-03 08:03:15.008,2020-06-03,8,2,2020-06-03,-0.004922422748435268,0.11456838523316937
"[{'query': '燦星旅', 'score': 9.75, 'category': 'stock', 'num': '2719', 'change_rate': 9.82, 'change_rate_new': 0.09820000000000001, 'open': 18.45, 'close': 18.45, 'change_rate_today': 0.0}, {'query': '鈺創', 'score': 9.25, 'category': 'stock', 'num': '5351', 'change_rate': -0.73, 'change_rate_new': -0.0073, 'open': 8.07, 'close': 8.19, 'change_rate_today': 0.014869888475836333}, {'query': '愛普', 'score': 8, 'category': 'stock', 'num': '6531', 'change_rate': 4.75, 'change_rate_new': 0.0475, 'open': 278.5, 'close': 286.5, 'change_rate_today': 0.02872531418312388}, {'query': '南緯', 'score': 5.75, 'category': 'stock', 'num': '1467', 'change_rate': 4.79, 'change_rate_new': 0.0479, 'open': 17.15, 'close': 17.5, 'change_rate_today': 0.020408163265306208}]",2020-06-04T00:03:35.457Z,2020-06-04 08:03:35.457,2020-06-04,8,3,2020-06-04,0.016000841481066605,0.13240241728509372
"[{'query': '燦星旅', 'score': 9.75, 'category': 'stock', 'num': '2719', 'change_rate': 8.4, 'change_rate_new': 0.084, 'open': 20.25, 'close': 20, 'change_rate_today': -0.012345679012345678}, {'query': '鈺創', 'score': 8.5, 'category': 'stock', 'num': '5351', 'change_rate': -1.83, 'change_rate_new': -0.0183, 'open': 8.2, 'close': 8.04, 'change_rate_today': -0.019512195121951237}, {'query': '南緯', 'score': 7.5, 'category': 'stock', 'num': '1467', 'change_rate': 9.43, 'change_rate_new': 0.0943, 'open': 17.85, 'close': 19.15, 'change_rate_today': 0.0728291316526609}, {'query': '愛普', 'score': 7.25, 'category': 'stock', 'num': '6531', 'change_rate': -5.24, 'change_rate_new': -0.0524, 'open': 273, 'close': 271.5, 'change_rate_today': -0.005494505494505495}]",2020-06-05T00:02:27.256Z,2020-06-05 08:02:27.256,2020-06-05,8,4,2020-06-05,0.008869188005964623,0.14244590722240402
"[{'query': '日揚', 'score': 9.75, 'category': 'stock', 'num': '6208', 'change_rate': 9.9, 'change_rate_new': 0.099, 'open': 32.5, 'close': 32.75, 'change_rate_today': 0.007692307692307693}, {'query': '燦星旅', 'score': 8, 'category': 'stock', 'num': '2719', 'change_rate': 9.5, 'change_rate_new': 0.095, 'open': 22, 'close': 21.9, 'change_rate_today': -0.00454545454545461}, {'query': '鈺創', 'score': 7.75, 'category': 'stock', 'num': '5351', 'change_rate': 4.1, 'change_rate_new': 0.040999999999999995, 'open': 8.11, 'close': 8.37, 'change_rate_today': 0.032059186189889004}, {'query': '群創', 'score': 7.25, 'category': 'stock', 'num': '3481', 'change_rate': 3.29, 'change_rate_new': 0.0329, 'open': 7.94, 'close': 7.85, 'change_rate_today': -0.011335012594458531}]",2020-06-08T00:03:38.515Z,2020-06-08 08:03:38.515,2020-06-08,8,0,2020-06-08,0.005967756685570889,0.14926374642313367
"[{'query': '廣明', 'score': 9.5, 'category': 'stock', 'num': '6188', 'change_rate': -9.97, 'change_rate_new': -0.09970000000000001, 'open': 28.9, 'close': 28.9, 'change_rate_today': 0.0}, {'query': '日揚', 'score': 9, 'category': 'stock', 'num': '6208', 'change_rate': 0.31, 'change_rate_new': 0.0031, 'open': 33.1, 'close': 32.85, 'change_rate_today': -0.007552870090634441}, {'query': '群創', 'score': 8, 'category': 'stock', 'num': '3481', 'change_rate': -1.02, 'change_rate_new': -0.0102, 'open': 7.79, 'close': 7.77, 'change_rate_today': -0.0025673940949936407}, {'query': '鈺創', 'score': 7.5, 'category': 'stock', 'num': '5351', 'change_rate': -2.03, 'change_rate_new': -0.0203, 'open': 8.4, 'close': 8.2, 'change_rate_today': -0.023809523809523937}]",2020-06-09T00:02:38.790Z,2020-06-09 08:02:38.790,2020-06-09,8,1,2020-06-09,-0.008482446998788005,0.13951517760647092
"[{'query': '圓剛', 'score': 9, 'category': 'stock', 'num': '2417', 'change_rate': 9.81, 'change_rate_new': 0.0981, 'open': 19.7, 'close': 20.15, 'change_rate_today': 0.022842639593908594}, {'query': '廣明', 'score': 8.75, 'category': 'stock', 'num': '6188', 'change_rate': -9.86, 'change_rate_new': -0.0986, 'open': 26.05, 'close': 26.05, 'change_rate_today': 0.0}, {'query': '群創', 'score': 8.25, 'category': 'stock', 'num': '3481', 'change_rate': 3.47, 'change_rate_new': 0.0347, 'open': 7.94, 'close': 8.04, 'change_rate_today': 0.012594458438286996}, {'query': '日揚', 'score': 7.75, 'category': 'stock', 'num': '6208', 'change_rate': -3.65, 'change_rate_new': -0.0365, 'open': 33.95, 'close': 31.65, 'change_rate_today': -0.06774668630338745}]",2020-06-10T00:03:04.057Z,2020-06-10 08:03:04.057,2020-06-10,8,2,2020-06-10,-0.008077397067797965,0.13031086105216105
"[{'query': '圓剛', 'score': 9.5, 'category': 'stock', 'num': '2417', 'change_rate': 3.23, 'change_rate_new': 0.0323, 'open': 22, 'close': 20.8, 'change_rate_today': -0.054545454545454515}, {'query': '廣明', 'score': 9, 'category': 'stock', 'num': '6188', 'change_rate': 4.8, 'change_rate_new': 0.048, 'open': 25.05, 'close': 27.3, 'change_rate_today': 0.08982035928143713}, {'query': '永昕', 'score': 7, 'category': 'stock', 'num': '4726', 'change_rate': -9.79, 'change_rate_new': -0.09789999999999999, 'open': 37.6, 'close': 33.65, 'change_rate_today': -0.10505319148936178}, {'query': '展旺', 'score': 6.25, 'category': 'stock', 'num': '4167', 'change_rate': -3.47, 'change_rate_new': -0.0347, 'open': 34.5, 'close': 33.35, 'change_rate_today': -0.03333333333333329}]",2020-06-11T00:04:12.446Z,2020-06-11 08:04:12.446,2020-06-11,8,3,2020-06-11,-0.025777905021678114,0.10117381503098732
"[{'query': '廣明', 'score': 9.75, 'category': 'stock', 'num': '6188', 'change_rate': -3.66, 'change_rate_new': -0.0366, 'open': 25.9, 'close': 26.3, 'change_rate_today': 0.015444015444015528}, {'query': '圓剛', 'score': 9.25, 'category': 'stock', 'num': '2417', 'change_rate': 9.86, 'change_rate_new': 0.0986, 'open': 20.5, 'close': 22.85, 'change_rate_today': 0.11463414634146349}, {'query': '展旺', 'score': 7.25, 'category': 'stock', 'num': '4167', 'change_rate': 8.25, 'change_rate_new': 0.0825, 'open': 32.45, 'close': 36.1, 'change_rate_today': 0.11248073959938361}, {'query': '永昕', 'score': 7, 'category': 'stock', 'num': '4726', 'change_rate': 4.31, 'change_rate_new': 0.0431, 'open': 30.75, 'close': 35.1, 'change_rate_today': 0.14146341463414638}]",2020-06-12T00:02:47.049Z,2020-06-12 08:02:47.049,2020-06-12,8,4,2020-06-12,0.09600557900475226,0.20689264472790914
"[{'query': '圓剛', 'score': 9, 'category': 'stock', 'num': '2417', 'change_rate': 6.13, 'change_rate_new': 0.0613, 'open': 23.8, 'close': 24.25, 'change_rate_today': 0.018907563025210055}, {'query': '豆府', 'score': 8.75, 'category': 'stock', 'num': '2752', 'change_rate': 5.97, 'change_rate_new': 0.059699999999999996, 'open': 135, 'close': 142, 'change_rate_today': 0.05185185185185185}, {'query': '廣明', 'score': 7.25, 'category': 'stock', 'num': '6188', 'change_rate': -8.75, 'change_rate_new': -0.0875, 'open': 25.55, 'close': 24, 'change_rate_today': -0.06066536203522507}, {'query': '合一', 'score': 6.5, 'category': 'stock', 'num': '4743', 'change_rate': 0, 'change_rate_new': 0.0, 'open': 172.5, 'close': 172.5, 'change_rate_today': 0.0}]",2020-06-15T00:03:31.724Z,2020-06-15 08:03:31.724,2020-06-15,8,0,2020-06-15,0.002523513210459207,0.20993825426048618
"[{'query': '如興', 'score': 8.75, 'category': 'stock', 'num': '4414', 'change_rate': 9.84, 'change_rate_new': 0.0984, 'open': 13.1, 'close': 13.4, 'change_rate_today': 0.02290076335877868}, {'query': '華紙', 'score': 8.75, 'category': 'stock', 'num': '1905', 'change_rate': 5.44, 'change_rate_new': 0.054400000000000004, 'open': 9.6, 'close': 9.3, 'change_rate_today': -0.03124999999999989}, {'query': '豆府', 'score': 8.5, 'category': 'stock', 'num': '2752', 'change_rate': 2.82, 'change_rate_new': 0.0282, 'open': 142, 'close': 146, 'change_rate_today': 0.028169014084507043}, {'query': '圓剛', 'score': 6.75, 'category': 'stock', 'num': '2417', 'change_rate': -2.89, 'change_rate_new': -0.028900000000000002, 'open': 24, 'close': 23.55, 'change_rate_today': -0.01874999999999997}]",2020-06-16T00:03:33.344Z,2020-06-16 08:03:33.344,2020-06-16,8,1,2020-06-16,0.00026744436082146595,0.21026184542353032
"[{'query': '如興', 'score': 10, 'category': 'stock', 'num': '4414', 'change_rate': 9.7, 'change_rate_new': 0.09699999999999999, 'open': 13.9, 'close': 14.7, 'change_rate_today': 0.057553956834532294}, {'query': '華紙', 'score': 8.75, 'category': 'stock', 'num': '1905', 'change_rate': -2.26, 'change_rate_new': -0.0226, 'open': 9.3, 'close': 9.09, 'change_rate_today': -0.02258064516129041}, {'query': '金麗科', 'score': 7.75, 'category': 'stock', 'num': '3228', 'change_rate': -2.88, 'change_rate_new': -0.0288, 'open': 50.9, 'close': 50.5, 'change_rate_today': -0.007858546168958714}, {'query': '豆府', 'score': 7.5, 'category': 'stock', 'num': '2752', 'change_rate': 0.68, 'change_rate_new': 0.0068000000000000005, 'open': 142, 'close': 147, 'change_rate_today': 0.035211267605633804}]",2020-06-17T00:03:13.644Z,2020-06-17 08:03:13.644,2020-06-17,8,2,2020-06-17,0.015581508277479244,0.22911955038591447
